"ID","Pokemon","Family","Shadow","Little_Rank","Master_Rank","Ultra_Rank","Great_Rank","Little_IVs","Master_IVs","Ultra_IVs","Great_IVs","Little_Level","Master_Level","Ultra_Level","Great_Level","Little_CP","Master_CP","Ultra_CP","Great_CP","Little_MoveSet","Master_MoveSet","Ultra_MoveSet","Great_MoveSet","Evo_Fam","Evo_Next"
"3","Venusaur","Bulbasaur","FALSE",,"255",,,,"15/15/15",,,,"50",,,,"3075",,,,"Vine Whip, Frenzy Plant, Sludge",,,"1;2;3","3"
"3","Venusaur (Mega)","Bulbasaur","FALSE",,"62",,,,"15/15/15",,,,"50",,,,"4181",,,,"Vine Whip, Frenzy Plant, Sludge",,,"1;2;3","3"
"3","Venusaur (Shadow)","Bulbasaur","TRUE",,"253",,,,"15/15/15",,,,"50",,,,"3075",,,,"Vine Whip, Frenzy Plant, Sludge",,,"1;2;3","3"
"6","Charizard","Charmander","FALSE",,"230",,,,"15/15/15",,,,"50",,,,"3266",,,,"Dragon Breath, Blast Burn, Air Cutter",,,"4;5;6","6"
"6","Charizard (Mega X)","Charmander","FALSE",,"52",,,,"15/15/15",,,,"50",,,,"4353",,,,"Dragon Breath, Blast Burn, Air Cutter",,,"4;5;6","6"
"6","Charizard (Mega Y)","Charmander","FALSE",,"18",,,,"15/15/15",,,,"50",,,,"5037",,,,"Dragon Breath, Blast Burn, Air Cutter",,,"4;5;6","6"
"6","Charizard (Shadow)","Charmander","TRUE",,"231",,,,"15/15/15",,,,"50",,,,"3266",,,,"Dragon Breath, Blast Burn, Dragon Claw",,,"4;5;6","6"
"9","Blastoise","Squirtle","FALSE",,"322",,,,"15/15/15",,,,"50",,,,"2788",,,,"Rollout, Hydro Cannon, Ice Beam",,,"7;8;9","9"
"9","Blastoise (Mega)","Squirtle","FALSE",,"29",,,,"15/15/15",,,,"50",,,,"4455",,,,"Rollout, Hydro Cannon, Ice Beam",,,"7;8;9","9"
"9","Blastoise (Shadow)","Squirtle","TRUE",,"319",,,,"15/15/15",,,,"50",,,,"2788",,,,"Rollout, Hydro Cannon, Ice Beam",,,"7;8;9","9"
"15","Beedrill (Mega)","Weedle","FALSE",,"195",,,,"15/15/15",,,,"50",,,,"3824",,,,"Poison Sting, Drill Run, X-Scissor",,,"13;14;15","15"
"18","Pidgeot (Mega)","Pidgey","FALSE",,"222",,,,"15/15/15",,,,"50",,,,"4160",,,,"Gust, Brave Bird, Air Cutter",,,"16;17;18","18"
"59","Arcanine","Growlithe","FALSE",,"273",,,,"15/15/15",,,,"50",,,,"3425",,,,"Fire Fang, Wild Charge, Psychic Fangs",,,"58;59","59"
"59","Arcanine (Hisuian)","Growlithe","FALSE",,"372",,,,"15/15/15",,,,"50",,,,"3556",,,,"Snarl, Wild Charge, Rock Slide",,,"58;59","59"
"59","Arcanine (Shadow)","Growlithe","TRUE",,"241",,,,"15/15/15",,,,"50",,,,"3425",,,,"Fire Fang, Wild Charge, Psychic Fangs",,,"58;59","59"
"62","Poliwrath","Poliwag","FALSE",,"308",,,,"15/15/15",,,,"50",,,,"2923",,,,"Counter, Scald, Icy Wind",,,"60;61;62","62"
"62","Poliwrath (Shadow)","Poliwag","TRUE",,"277",,,,"15/15/15",,,,"50",,,,"2923",,,,"Counter, Scald, Icy Wind",,,"60;61;62","62"
"65","Alakazam","Abra","FALSE",,"390",,,,"15/15/15",,,,"50",,,,"3456",,,,"Confusion, Fire Punch, Shadow Ball",,,"63;64;65","65"
"65","Alakazam (Mega)","Abra","FALSE",,"119",,,,"15/15/15",,,,"50",,,,"5099",,,,"Confusion, Fire Punch, Shadow Ball",,,"63;64;65","65"
"65","Alakazam (Shadow)","Abra","TRUE",,"384",,,,"15/15/15",,,,"50",,,,"3456",,,,"Confusion, Fire Punch, Shadow Ball",,,"63;64;65","65"
"68","Machamp","Machop","FALSE",,"134",,,,"15/15/15",,,,"50",,,,"3455",,,,"Karate Chop, Cross Chop, Rock Slide",,,"66;67;68","68"
"68","Machamp (Shadow)","Machop","TRUE",,"127",,,,"15/15/15",,,,"50",,,,"3455",,,,"Karate Chop, Cross Chop, Stone Edge",,,"66;67;68","68"
"73","Tentacruel","Tentacool","FALSE",,"348",,,,"15/15/15",,,,"50",,,,"2738",,,,"Acid, Scald, Sludge Wave",,,"72;73","73"
"73","Tentacruel (Shadow)","Tentacool","TRUE",,"353",,,,"15/15/15",,,,"50",,,,"2738",,,,"Acid, Scald, Sludge Wave",,,"72;73","73"
"76","Golem","Geodude","FALSE",,"298",,,,"15/15/15",,,,"50",,,,"3334",,,,"Mud Slap, Stone Edge, Rock Blast",,,"74;75;76","76"
"76","Golem (Alolan)","Geodude","FALSE",,"302",,,,"15/15/15",,,,"50",,,,"3334",,,,"Volt Switch, Wild Charge, Stone Edge",,,"74;75;76","76"
"76","Golem (Alolan) (Shadow)","Geodude","TRUE",,"293",,,,"15/15/15",,,,"50",,,,"3334",,,,"Volt Switch, Wild Charge, Stone Edge",,,"74;75;76","76"
"76","Golem (Shadow)","Geodude","TRUE",,"252",,,,"15/15/15",,,,"50",,,,"3334",,,,"Mud Slap, Stone Edge, Rock Blast",,,"74;75;76","76"
"80","Slowbro","Slowpoke","FALSE",,"387",,,,"15/15/15",,,,"50",,,,"2877",,,,"Confusion, Surf, Ice Beam",,,"79;80","80"
"80","Slowbro (Mega)","Slowpoke","FALSE",,"73",,,,"15/15/15",,,,"50",,,,"4245",,,,"Confusion, Surf, Ice Beam",,,"79;80","80"
"80","Slowbro (Shadow)","Slowpoke","TRUE",,"395",,,,"15/15/15",,,,"50",,,,"2877",,,,"Confusion, Surf, Ice Beam",,,"79;80","80"
"89","Muk","Grimer","FALSE",,"350",,,,"15/15/15",,,,"50",,,,"3117",,,,"Acid, Thunder Punch, Dark Pulse",,,"88;89","89"
"89","Muk (Alolan)","Grimer","FALSE",,"394",,,,"15/15/15",,,,"50",,,,"3117",,,,"Poison Jab, Dark Pulse, Sludge Wave",,,"88;89","89"
"89","Muk (Alolan) (Shadow)","Grimer","TRUE",,"404",,,,"15/15/15",,,,"50",,,,"3117",,,,"Poison Jab, Dark Pulse, Sludge Wave",,,"88;89","89"
"89","Muk (Shadow)","Grimer","TRUE",,"361",,,,"15/15/15",,,,"50",,,,"3117",,,,"Poison Jab, Thunder Punch, Dark Pulse",,,"88;89","89"
"94","Gengar (Mega)","Gastly","FALSE",,"26",,,,"15/15/15",,,,"50",,,,"4902",,,,"Shadow Claw, Shadow Punch, Shadow Ball",,,"92;93;94","94"
"103","Exeggutor","Exeggcute","FALSE",,"368",,,,"15/15/15",,,,"50",,,,"3408",,,,"Confusion, Seed Bomb, Psychic",,,"102;103","103"
"103","Exeggutor (Alolan)","Exeggcute","FALSE",,"291",,,,"15/15/15",,,,"50",,,,"3407",,,,"Dragon Tail, Seed Bomb, Draco Meteor",,,"102;103","103"
"103","Exeggutor (Alolan) (Shadow)","Exeggcute","TRUE",,"304",,,,"15/15/15",,,,"50",,,,"3407",,,,"Dragon Tail, Seed Bomb, Draco Meteor",,,"102;103","103"
"103","Exeggutor (Shadow)","Exeggcute","TRUE",,"340",,,,"15/15/15",,,,"50",,,,"3408",,,,"Confusion, Seed Bomb, Psychic",,,"102;103","103"
"112","Rhydon","Rhyhorn","FALSE",,"257",,,,"15/15/15",,,,"50",,,,"3594",,,,"Mud Slap, Stone Edge, Surf",,,"111;112;464","112;464"
"112","Rhydon (Shadow)","Rhyhorn","TRUE",,"225",,,,"15/15/15",,,,"50",,,,"3594",,,,"Mud Slap, Stone Edge, Surf",,,"111;112;464","112;464"
"115","Kangaskhan","Kangaskhan","FALSE",,"391",,,,"15/15/15",,,,"50",,,,"2924",,,,"Mud Slap, Crunch, Stomp",,,"115","115"
"115","Kangaskhan (Mega)","Kangaskhan","FALSE",,"114",,,,"15/15/15",,,,"50",,,,"4353",,,,"Mud Slap, Crunch, Stomp",,,"115","115"
"127","Pinsir","Pinsir","FALSE",,"296",,,,"15/15/15",,,,"50",,,,"3345",,,,"Fury Cutter, Close Combat, X-Scissor",,,"127","127"
"127","Pinsir (Mega)","Pinsir","FALSE",,"67",,,,"15/15/15",,,,"50",,,,"4728",,,,"Fury Cutter, Close Combat, X-Scissor",,,"127","127"
"127","Pinsir (Shadow)","Pinsir","TRUE",,"219",,,,"15/15/15",,,,"50",,,,"3345",,,,"Fury Cutter, Close Combat, X-Scissor",,,"127","127"
"128","Tauros (Aqua)","Tauros","FALSE",,"220",,,,"15/15/15",,,,"50",,,,"3207",,,,"Double Kick, Aqua Jet, Trailblaze",,,"128","128"
"128","Tauros (Blaze)","Tauros","FALSE",,"275",,,,"15/15/15",,,,"50",,,,"3207",,,,"Double Kick, Flame Charge, Trailblaze",,,"128","128"
"128","Tauros (Combat)","Tauros","FALSE",,"274",,,,"15/15/15",,,,"50",,,,"3207",,,,"Double Kick, Close Combat, Trailblaze",,,"128","128"
"130","Gyarados","Magikarp","FALSE",,"38",,,,"15/15/15",,,,"50",,,,"3834",,,,"Dragon Breath, Aqua Tail, Crunch",,,"129;130","130"
"130","Gyarados (Mega)","Magikarp","FALSE",,"1",,,,"15/15/15",,,,"50",,,,"5332",,,,"Dragon Breath, Aqua Tail, Crunch",,,"129;130","130"
"130","Gyarados (Shadow)","Magikarp","TRUE",,"31",,,,"15/15/15",,,,"50",,,,"3834",,,,"Dragon Breath, Aqua Tail, Crunch",,,"129;130","130"
"131","Lapras","Lapras","FALSE",,"317",,,,"15/15/15",,,,"50",,,,"2985",,,,"Ice Shard, Surf, Ice Beam",,,"131","131"
"131","Lapras (Shadow)","Lapras","TRUE",,"198",,,,"15/15/15",,,,"50",,,,"2985",,,,"Psywave, Sparkling Aria, Ice Beam",,,"131","131"
"134","Vaporeon","Eevee","FALSE",,"174",,,,"15/15/15",,,,"50",,,,"3521",,,,"Water Gun, Aqua Tail, Liquidation",,,"133;134","134"
"135","Jolteon","Eevee","FALSE",,"359",,,,"15/15/15",,,,"50",,,,"3265",,,,"Volt Switch, Discharge, Last Resort",,,"133;135","135"
"136","Flareon","Eevee","FALSE",,"380",,,,"15/15/15",,,,"50",,,,"3424",,,,"Ember, Superpower, Flamethrower",,,"133;136","136"
"139","Omastar","Omanyte","FALSE",,"405",,,,"15/15/15",,,,"50",,,,"3150",,,,"Mud Shot, Rock Slide, Rock Blast",,,"138;139","139"
"139","Omastar (Shadow)","Omanyte","TRUE",,"385",,,,"15/15/15",,,,"50",,,,"3150",,,,"Mud Shot, Rock Slide, Rock Blast",,,"138;139","139"
"142","Aerodactyl","Aerodactyl","FALSE",,"413",,,,"15/15/15",,,,"50",,,,"3147",,,,"Rock Throw, Rock Slide, Earth Power",,,"142","142"
"142","Aerodactyl (Mega)","Aerodactyl","FALSE",,"203",,,,"15/15/15",,,,"50",,,,"4655",,,,"Rock Throw, Rock Slide, Earth Power",,,"142","142"
"142","Aerodactyl (Shadow)","Aerodactyl","TRUE",,"410",,,,"15/15/15",,,,"50",,,,"3147",,,,"Rock Throw, Rock Slide, Earth Power",,,"142","142"
"143","Snorlax","Snorlax","FALSE",,"209",,,,"15/15/15",,,,"50",,,,"3647",,,,"Lick, Body Slam, Superpower",,,"143;446","143;446"
"143","Snorlax (Shadow)","Snorlax","TRUE",,"188",,,,"15/15/15",,,,"50",,,,"3647",,,,"Lick, Body Slam, Superpower",,,"143;446","143;446"
"144","Articuno","Articuno","FALSE",,"184",,,,"15/15/15",,,,"50",,,,"3450",,,,"Ice Shard, Triple Axel, Ancient Power",,,"144","144"
"144","Articuno (Galarian)","Articuno","FALSE",,"213",,,,"15/15/15",,,,"50",,,,"4059",,,,"Confusion, Ancient Power, Brave Bird",,,"144","144"
"144","Articuno (Shadow)","Articuno","TRUE",,"186",,,,"15/15/15",,,,"50",,,,"3450",,,,"Ice Shard, Triple Axel, Ancient Power",,,"144","144"
"145","Zapdos","Zapdos","FALSE",,"75",,,,"15/15/15",,,,"50",,,,"3987",,,,"Thunder Shock, Drill Peck, Thunderbolt",,,"145","145"
"145","Zapdos (Galarian)","Zapdos","FALSE",,"156",,,,"15/15/15",,,,"50",,,,"4012",,,,"Counter, Ancient Power, Brave Bird",,,"145","145"
"145","Zapdos (Shadow)","Zapdos","TRUE",,"71",,,,"15/15/15",,,,"50",,,,"3987",,,,"Thunder Shock, Drill Peck, Thunderbolt",,,"145","145"
"146","Moltres","Moltres","FALSE",,"286",,,,"15/15/15",,,,"50",,,,"3917",,,,"Wing Attack, Sky Attack, Overheat",,,"146","146"
"146","Moltres (Galarian)","Moltres","FALSE",,"130",,,,"15/15/15",,,,"50",,,,"3580",,,,"Sucker Punch, Ancient Power, Payback",,,"146","146"
"146","Moltres (Shadow)","Moltres","TRUE",,"245",,,,"15/15/15",,,,"50",,,,"3917",,,,"Fire Spin, Sky Attack, Ancient Power",,,"146","146"
"149","Dragonite","Dratini","FALSE",,"65",,,,"15/15/15",,,,"50",,,,"4287",,,,"Dragon Breath, Thunder Punch, Superpower",,,"147;148;149","149"
"149","Dragonite (Shadow)","Dratini","TRUE",,"55",,,,"15/15/15",,,,"50",,,,"4287",,,,"Dragon Breath, Thunder Punch, Superpower",,,"147;148;149","149"
"150","Mewtwo","Mewtwo","FALSE",,"93",,,,"15/15/15",,,,"50",,,,"4724",,,,"Psycho Cut, Psystrike, Shadow Ball",,,"150","150"
"150","Mewtwo (Armored)","Mewtwo","FALSE",,"146",,,,"15/15/15",,,,"50",,,,"3603",,,,"Confusion, Psystrike, Dynamic Punch",,,"150","150"
"150","Mewtwo (Shadow)","Mewtwo","TRUE",,"176",,,,"15/15/15",,,,"50",,,,"4724",,,,"Confusion, Psystrike, Shadow Ball",,,"150","150"
"151","Mew","Mew","FALSE",,"140",,,,"15/15/15",,,,"50",,,,"3691",,,,"Shadow Claw, Psyshock, Wild Charge",,,"151","151"
"157","Typhlosion","Cyndaquil","FALSE",,"282",,,,"15/15/15",,,,"50",,,,"3266",,,,"Incinerate, Blast Burn, Thunder Punch",,,"155;156;157","157"
"157","Typhlosion (Hisuian)","Cyndaquil","FALSE",,"297",,,,"15/15/15",,,,"50",,,,"3385",,,,"Hex, Shadow Ball, Fire Punch",,,"155;156;157","157"
"157","Typhlosion (Shadow)","Cyndaquil","TRUE",,"269",,,,"15/15/15",,,,"50",,,,"3266",,,,"Incinerate, Blast Burn, Thunder Punch",,,"155;156;157","157"
"160","Feraligatr","Totodile","FALSE",,"137",,,,"15/15/15",,,,"50",,,,"3230",,,,"Shadow Claw, Hydro Cannon, Ice Beam",,,"158;159;160","160"
"160","Feraligatr (Shadow)","Totodile","TRUE",,"120",,,,"15/15/15",,,,"50",,,,"3230",,,,"Shadow Claw, Hydro Cannon, Ice Beam",,,"158;159;160","160"
"169","Crobat","Zubat","FALSE",,"419",,,,"15/15/15",,,,"50",,,,"2992",,,,"Air Slash, Air Cutter, Cross Poison",,,"41;42;169","169"
"169","Crobat (Shadow)","Zubat","TRUE",,"414",,,,"15/15/15",,,,"50",,,,"2992",,,,"Air Slash, Air Cutter, Cross Poison",,,"41;42;169","169"
"181","Ampharos","Mareep","FALSE",,"284",,,,"15/15/15",,,,"50",,,,"3225",,,,"Volt Switch, Brutal Swing, Thunder Punch",,,"179;180;181","181"
"181","Ampharos (Mega)","Mareep","FALSE",,"35",,,,"15/15/15",,,,"50",,,,"4799",,,,"Volt Switch, Thunder Punch, Dragon Pulse",,,"179;180;181","181"
"181","Ampharos (Shadow)","Mareep","TRUE",,"276",,,,"15/15/15",,,,"50",,,,"3225",,,,"Volt Switch, Brutal Swing, Thunder Punch",,,"179;180;181","181"
"196","Espeon","Eevee","FALSE",,"323",,,,"15/15/15",,,,"50",,,,"3583",,,,"Confusion, Psychic Fangs, Shadow Ball",,,"133;196","196"
"197","Umbreon","Eevee","FALSE",,"426",,,,"15/15/15",,,,"50",,,,"2416",,,,"Snarl, Foul Play, Last Resort",,,"133;197","197"
"199","Slowking","Slowpoke","FALSE",,"397",,,,"15/15/15",,,,"50",,,,"2877",,,,"Confusion, Surf, Scald",,,"79;199","199"
"199","Slowking (Galarian)","Slowpoke","FALSE",,"371",,,,"15/15/15",,,,"50",,,,"3072",,,,"Confusion, Psyshock, Surf",,,"79;199","199"
"199","Slowking (Shadow)","Slowpoke","TRUE",,"393",,,,"15/15/15",,,,"50",,,,"2877",,,,"Confusion, Surf, Scald",,,"79;199","199"
"208","Steelix","Onix","FALSE",,"344",,,,"15/15/15",,,,"50",,,,"2729",,,,"Dragon Tail, Psychic Fangs, Crunch",,,"95;208","208"
"208","Steelix (Mega)","Onix","FALSE",,"94",,,,"15/15/15",,,,"50",,,,"4149",,,,"Dragon Tail, Psychic Fangs, Earthquake",,,"95;208","208"
"208","Steelix (Shadow)","Onix","TRUE",,"338",,,,"15/15/15",,,,"50",,,,"2729",,,,"Dragon Tail, Psychic Fangs, Crunch",,,"95;208","208"
"212","Scizor","Scyther","FALSE",,"207",,,,"15/15/15",,,,"50",,,,"3393",,,,"Fury Cutter, Night Slash, X-Scissor",,,"123;212","212"
"212","Scizor (Mega)","Scyther","FALSE",,"23",,,,"15/15/15",,,,"50",,,,"4621",,,,"Fury Cutter, Night Slash, Trailblaze",,,"123;212","212"
"212","Scizor (Shadow)","Scyther","TRUE",,"216",,,,"15/15/15",,,,"50",,,,"3393",,,,"Bullet Punch, Night Slash, Iron Head",,,"123;212","212"
"214","Heracross","Heracross","FALSE",,"247",,,,"15/15/15",,,,"50",,,,"3506",,,,"Counter, Upper Hand, Megahorn",,,"214","214"
"214","Heracross (Mega)","Heracross","FALSE",,"36",,,,"15/15/15",,,,"50",,,,"5443",,,,"Counter, Close Combat, Upper Hand",,,"214","214"
"217","Ursaring","Teddiursa","FALSE",,"321",,,,"15/15/15",,,,"50",,,,"3329",,,,"Shadow Claw, Close Combat, Swift",,,"216;217;901","217;901"
"217","Ursaring (Shadow)","Teddiursa","TRUE",,"260",,,,"15/15/15",,,,"50",,,,"3329",,,,"Shadow Claw, Close Combat, Swift",,,"216;217;901","217;901"
"229","Houndoom (Mega)","Houndour","FALSE",,"295",,,,"15/15/15",,,,"50",,,,"4344",,,,"Snarl, Foul Play, Flamethrower",,,"228;229","229"
"230","Kingdra","Horsea","FALSE",,"237",,,,"15/15/15",,,,"50",,,,"2986",,,,"Dragon Breath, Swift, Outrage",,,"116;117;230","230"
"230","Kingdra (Shadow)","Horsea","TRUE",,"202",,,,"15/15/15",,,,"50",,,,"2986",,,,"Dragon Breath, Swift, Outrage",,,"116;117;230","230"
"232","Donphan","Phanpy","FALSE",,"181",,,,"15/15/15",,,,"50",,,,"3407",,,,"Mud Slap, Body Slam, Trailblaze",,,"231;232","232"
"232","Donphan (Shadow)","Phanpy","TRUE",,"192",,,,"15/15/15",,,,"50",,,,"3407",,,,"Mud Slap, Body Slam, Trailblaze",,,"231;232","232"
"233","Porygon2","Porygon","FALSE",,"408",,,,"15/15/15",,,,"50",,,,"3065",,,,"Lock On, Tri Attack, Zap Cannon",,,"137;233;474","233;474"
"233","Porygon2 (Shadow)","Porygon","TRUE",,"412",,,,"15/15/15",,,,"50",,,,"3065",,,,"Lock On, Tri Attack, Zap Cannon",,,"137;233;474","233;474"
"241","Miltank","Miltank","FALSE",,"409",,,,"15/15/15",,,,"50",,,,"2662",,,,"Rollout, Body Slam, Ice Beam",,,"241","241"
"242","Blissey","Chansey","FALSE",,"418",,,,"15/15/15",,,,"50",,,,"3117",,,,"Zen Headbutt, Wild Charge, Dazzling Gleam",,,"113;242;440","242;440"
"243","Raikou","Raikou","FALSE",,"89",,,,"15/15/15",,,,"50",,,,"3902",,,,"Thunder Shock, Aura Sphere, Wild Charge",,,"243","243"
"243","Raikou (Shadow)","Raikou","TRUE",,"86",,,,"15/15/15",,,,"50",,,,"3902",,,,"Thunder Shock, Wild Charge, Aura Sphere",,,"243","243"
"244","Entei","Entei","FALSE",,"199",,,,"15/15/15",,,,"50",,,,"3926",,,,"Fire Spin, Flame Charge, Scorching Sands",,,"244","244"
"244","Entei (Shadow)","Entei","TRUE",,"218",,,,"15/15/15",,,,"50",,,,"3926",,,,"Fire Spin, Flame Charge, Scorching Sands",,,"244","244"
"245","Suicune","Suicune","FALSE",,"232",,,,"15/15/15",,,,"50",,,,"3372",,,,"Ice Fang, Scald, Ice Beam",,,"245","245"
"245","Suicune (Shadow)","Suicune","TRUE",,"271",,,,"15/15/15",,,,"50",,,,"3372",,,,"Ice Fang, Scald, Ice Beam",,,"245","245"
"248","Tyranitar","Larvitar","FALSE",,"180",,,,"15/15/15",,,,"50",,,,"4335",,,,"Smack Down, Brutal Swing, Stone Edge",,,"246;247;248","248"
"248","Tyranitar (Mega)","Larvitar","FALSE",,"33",,,,"15/15/15",,,,"50",,,,"6045",,,,"Smack Down, Brutal Swing, Stone Edge",,,"246;247;248","248"
"248","Tyranitar (Shadow)","Larvitar","TRUE",,"163",,,,"15/15/15",,,,"50",,,,"4335",,,,"Smack Down, Brutal Swing, Stone Edge",,,"246;247;248","248"
"249","Lugia","Lugia","FALSE",,"17",,,,"15/15/15",,,,"50",,,,"4186",,,,"Dragon Tail, Aeroblast, Fly",,,"249","249"
"249","Lugia (Shadow)","Lugia","TRUE",,"12",,,,"15/15/15",,,,"50",,,,"4186",,,,"Dragon Tail, Aeroblast, Fly",,,"249","249"
"250","Ho-Oh","Ho-oh","FALSE",,"81",,,,"15/15/15",,,,"50",,,,"4367",,,,"Incinerate, Brave Bird, Sacred Fire",,,"250","250"
"250","Ho-Oh (Shadow)","Ho-oh","TRUE",,"69",,,,"15/15/15",,,,"50",,,,"4367",,,,"Incinerate, Brave Bird, Sacred Fire",,,"250","250"
"251","Celebi","Celebi","FALSE",,"143",,,,"15/15/15",,,,"50",,,,"3691",,,,"Confusion, Aura Sphere, Leaf Storm",,,"251","251"
"254","Sceptile (Mega)","Treecko","FALSE",,"77",,,,"15/15/15",,,,"50",,,,"4585",,,,"Fury Cutter, Leaf Blade, Dragon Claw",,,"252;253;254","254"
"257","Blaziken (Mega)","Torchic","FALSE",,"141",,,,"15/15/15",,,,"50",,,,"4704",,,,"Fire Spin, Blast Burn, Blaze Kick",,,"255;256;257","257"
"260","Swampert","Mudkip","FALSE",,"148",,,,"15/15/15",,,,"50",,,,"3362",,,,"Mud Shot, Hydro Cannon, Earthquake",,,"258;259;260","260"
"260","Swampert (Mega)","Mudkip","FALSE",,"15",,,,"15/15/15",,,,"50",,,,"4975",,,,"Mud Shot, Hydro Cannon, Earthquake",,,"258;259;260","260"
"260","Swampert (Shadow)","Mudkip","TRUE",,"139",,,,"15/15/15",,,,"50",,,,"3362",,,,"Mud Shot, Hydro Cannon, Earthquake",,,"258;259;260","260"
"282","Gardevoir","Ralts","FALSE",,"190",,,,"15/15/15",,,,"50",,,,"3497",,,,"Charm, Triple Axel, Dazzling Gleam",,,"280;281;282","282"
"282","Gardevoir (Mega)","Ralts","FALSE",,"16",,,,"15/15/15",,,,"50",,,,"5101",,,,"Charm, Triple Axel, Shadow Ball",,,"280;281;282","282"
"282","Gardevoir (Shadow)","Ralts","TRUE",,"153",,,,"15/15/15",,,,"50",,,,"3497",,,,"Charm, Triple Axel, Dazzling Gleam",,,"280;281;282","282"
"289","Slaking","Slakoth","FALSE",,"429",,,,"15/15/15",,,,"50",,,,"5010",,,,"Yawn, Body Slam, Earthquake",,,"287;288;289","289"
"289","Slaking (Shadow)","Slakoth","TRUE",,"430",,,,"15/15/15",,,,"50",,,,"5010",,,,"Yawn, Body Slam, Earthquake",,,"287;288;289","289"
"297","Hariyama","Makuhita","FALSE",,"205",,,,"15/15/15",,,,"50",,,,"3198",,,,"Force Palm, Upper Hand, Heavy Slam",,,"296;297","297"
"297","Hariyama (Shadow)","Makuhita","TRUE",,"197",,,,"15/15/15",,,,"50",,,,"3198",,,,"Force Palm, Upper Hand, Heavy Slam",,,"296;297","297"
"302","Sableye (Mega)","Sableye","FALSE",,"421",,,,"15/15/15",,,,"50",,,,"2196",,,,"Shadow Claw, Foul Play, Power Gem",,,"302","302"
"303","Mawile (Mega)","Mawile","FALSE",,"360",,,,"15/15/15",,,,"50",,,,"2691",,,,"Fairy Wind, Iron Head, Play Rough",,,"303","303"
"306","Aggron","Aron","FALSE",,"193",,,,"15/15/15",,,,"50",,,,"3391",,,,"Dragon Tail, Thunder, Rock Tomb",,,"304;305;306","306"
"306","Aggron (Mega)","Aron","FALSE",,"22",,,,"15/15/15",,,,"50",,,,"4705",,,,"Dragon Tail, Rock Tomb, Thunder",,,"304;305;306","306"
"306","Aggron (Shadow)","Aron","TRUE",,"178",,,,"15/15/15",,,,"50",,,,"3391",,,,"Dragon Tail, Thunder, Rock Tomb",,,"304;305;306","306"
"308","Medicham (Mega)","Meditite","FALSE",,"389",,,,"15/15/15",,,,"50",,,,"2821",,,,"Psycho Cut, Dynamic Punch, Ice Punch",,,"307;308","308"
"310","Manectric (Mega)","Electrike","FALSE",,"285",,,,"15/15/15",,,,"50",,,,"4048",,,,"Snarl, Wild Charge, Psychic Fangs",,,"309;310","310"
"319","Sharpedo (Mega)","Carvanha","FALSE",,"268",,,,"15/15/15",,,,"50",,,,"3701",,,,"Waterfall, Crunch, Poison Fang",,,"318;319","319"
"334","Altaria (Mega)","Swablu","FALSE",,"58",,,,"15/15/15",,,,"50",,,,"3576",,,,"Dragon Breath, Moonblast, Sky Attack",,,"333;334","334"
"348","Armaldo","Anorith","FALSE",,"376",,,,"15/15/15",,,,"50",,,,"3220",,,,"Fury Cutter, Rock Blast, Cross Poison",,,"347;348","348"
"348","Armaldo (Shadow)","Anorith","TRUE",,"339",,,,"15/15/15",,,,"50",,,,"3220",,,,"Fury Cutter, Rock Blast, Cross Poison",,,"347;348","348"
"350","Milotic","Feebas","FALSE",,"164",,,,"15/15/15",,,,"50",,,,"3398",,,,"Dragon Tail, Surf, Wrap",,,"349;350","350"
"350","Milotic (Shadow)","Feebas","TRUE",,"144",,,,"15/15/15",,,,"50",,,,"3398",,,,"Dragon Tail, Surf, Wrap",,,"349;350","350"
"354","Banette (Mega)","Shuppet","FALSE",,"226",,,,"15/15/15",,,,"50",,,,"4063",,,,"Shadow Claw, Shadow Ball, Dazzling Gleam",,,"353;354","354"
"359","Absol (Mega)","Absol","FALSE",,"363",,,,"15/15/15",,,,"50",,,,"3732",,,,"Snarl, Brutal Swing, Megahorn",,,"359","359"
"362","Glalie (Mega)","Snorunt","FALSE",,"233",,,,"15/15/15",,,,"50",,,,"3651",,,,"Rollout, Avalanche, Shadow Ball",,,"361;362","362"
"365","Walrein","Spheal","FALSE",,"244",,,,"15/15/15",,,,"50",,,,"3081",,,,"Powder Snow, Icicle Spear, Earthquake",,,"363;364;365","365"
"365","Walrein (Shadow)","Spheal","TRUE",,"211",,,,"15/15/15",,,,"50",,,,"3081",,,,"Powder Snow, Icicle Spear, Earthquake",,,"363;364;365","365"
"369","Relicanth","Relicanth","FALSE",,"362",,,,"15/15/15",,,,"50",,,,"2858",,,,"Water Gun, Aqua Tail, Ancient Power",,,"369","369"
"373","Salamence","Bagon","FALSE",,"101",,,,"15/15/15",,,,"50",,,,"4239",,,,"Dragon Tail, Fly, Brutal Swing",,,"371;372;373","373"
"373","Salamence (Mega)","Bagon","FALSE",,"4",,,,"15/15/15",,,,"50",,,,"5688",,,,"Dragon Tail, Fly, Brutal Swing",,,"371;372;373","373"
"373","Salamence (Shadow)","Bagon","TRUE",,"87",,,,"15/15/15",,,,"50",,,,"4239",,,,"Dragon Tail, Fly, Brutal Swing",,,"371;372;373","373"
"376","Metagross","Beldum","FALSE",,"107",,,,"15/15/15",,,,"50",,,,"4286",,,,"Bullet Punch, Meteor Mash, Earthquake",,,"374;375;376","376"
"376","Metagross (Mega)","Beldum","FALSE",,"11",,,,"15/15/15",,,,"50",,,,"5552",,,,"Shadow Claw, Meteor Mash, Earthquake",,,"374;375;376","376"
"376","Metagross (Shadow)","Beldum","TRUE",,"128",,,,"15/15/15",,,,"50",,,,"4286",,,,"Bullet Punch, Meteor Mash, Earthquake",,,"374;375;376","376"
"377","Regirock","Regirock","FALSE",,"150",,,,"15/15/15",,,,"50",,,,"3530",,,,"Lock On, Stone Edge, Focus Blast",,,"377","377"
"377","Regirock (Shadow)","Regirock","TRUE",,"162",,,,"15/15/15",,,,"50",,,,"3530",,,,"Lock On, Stone Edge, Focus Blast",,,"377","377"
"378","Regice","Regice","FALSE",,"235",,,,"15/15/15",,,,"50",,,,"3530",,,,"Lock On, Thunder, Earthquake",,,"378","378"
"378","Regice (Shadow)","Regice","TRUE",,"305",,,,"15/15/15",,,,"50",,,,"3530",,,,"Lock On, Thunder, Earthquake",,,"378","378"
"379","Registeel","Registeel","FALSE",,"311",,,,"15/15/15",,,,"50",,,,"2766",,,,"Lock On, Focus Blast, Flash Cannon",,,"379","379"
"379","Registeel (Shadow)","Registeel","TRUE",,"352",,,,"15/15/15",,,,"50",,,,"2766",,,,"Lock On, Focus Blast, Flash Cannon",,,"379","379"
"380","Latias","Latias","FALSE",,"51",,,,"15/15/15",,,,"50",,,,"3968",,,,"Dragon Breath, Aura Sphere, Mist Ball",,,"380","380"
"380","Latias (Mega)","Latias","FALSE",,"5",,,,"15/15/15",,,,"50",,,,"5428",,,,"Dragon Breath, Aura Sphere, Mist Ball",,,"380","380"
"380","Latias (Shadow)","Latias","TRUE",,"46",,,,"15/15/15",,,,"50",,,,"3968",,,,"Dragon Breath, Aura Sphere, Mist Ball",,,"380","380"
"381","Latios","Latios","FALSE",,"48",,,,"15/15/15",,,,"50",,,,"4310",,,,"Dragon Breath, Aura Sphere, Luster Purge",,,"381","381"
"381","Latios (Mega)","Latios","FALSE",,"6",,,,"15/15/15",,,,"50",,,,"5661",,,,"Dragon Breath, Aura Sphere, Luster Purge",,,"381","381"
"381","Latios (Shadow)","Latios","TRUE",,"42",,,,"15/15/15",,,,"50",,,,"4310",,,,"Dragon Breath, Aura Sphere, Luster Purge",,,"381","381"
"382","Kyogre","Kyogre","FALSE",,"122",,,,"15/15/15",,,,"50",,,,"4652",,,,"Waterfall, Surf, Thunder",,,"382","382"
"382","Kyogre (Primal)","Kyogre","FALSE",,"8",,,,"15/15/15",,,,"50",,,,"6672",,,,"Waterfall, Surf, Thunder",,,"382","382"
"382","Kyogre (Shadow)","Kyogre","TRUE",,"132",,,,"15/15/15",,,,"50",,,,"4652",,,,"Waterfall, Surf, Origin Pulse",,,"382","382"
"383","Groudon","Groudon","FALSE",,"59",,,,"15/15/15",,,,"50",,,,"4652",,,,"Dragon Tail, Fire Punch, Precipice Blades",,,"383","383"
"383","Groudon (Primal)","Groudon","FALSE",,"2",,,,"15/15/15",,,,"50",,,,"6672",,,,"Dragon Tail, Precipice Blades, Fire Punch",,,"383","383"
"383","Groudon (Shadow)","Groudon","TRUE",,"83",,,,"15/15/15",,,,"50",,,,"4652",,,,"Dragon Tail, Precipice Blades, Fire Punch",,,"383","383"
"384","Rayquaza","Rayquaza","FALSE",,"183",,,,"15/15/15",,,,"50",,,,"4336",,,,"Dragon Tail, Breaking Swipe, Dragon Ascent",,,"384","384"
"384","Rayquaza (Mega)","Rayquaza","FALSE",,"3",,,,"15/15/15",,,,"50",,,,"6458",,,,"Dragon Tail, Breaking Swipe, Dragon Ascent",,,"384","384"
"385","Jirachi","Jirachi","FALSE",,"95",,,,"15/15/15",,,,"50",,,,"3691",,,,"Confusion, Doom Desire, Aura Sphere",,,"385","385"
"386","Deoxys (Defense)","Deoxys","FALSE",,"422",,,,"15/15/15",,,,"50",,,,"2570",,,,"Counter, Psycho Boost, Rock Slide",,,"386","386"
"386","Deoxys (Speed)","Deoxys","FALSE",,"431",,,,"15/15/15",,,,"50",,,,"3255",,,,"Charge Beam, Psycho Boost, Swift",,,"386","386"
"389","Torterra","Turtwig","FALSE",,"169",,,,"15/15/15",,,,"50",,,,"3318",,,,"Mud Slap, Frenzy Plant, Stone Edge",,,"387;388;389","389"
"389","Torterra (Shadow)","Turtwig","TRUE",,"170",,,,"15/15/15",,,,"50",,,,"3318",,,,"Mud Slap, Frenzy Plant, Stone Edge",,,"387;388;389","389"
"395","Empoleon","Piplup","FALSE",,"290",,,,"15/15/15",,,,"50",,,,"3279",,,,"Metal Claw, Hydro Cannon, Drill Peck",,,"393;394;395","395"
"395","Empoleon (Shadow)","Piplup","TRUE",,"129",,,,"15/15/15",,,,"50",,,,"3279",,,,"Metal Sound, Hydro Cannon, Drill Peck",,,"393;394;395","395"
"405","Luxray","Shinx","FALSE",,"407",,,,"15/15/15",,,,"50",,,,"3265",,,,"Snarl, Wild Charge, Psychic Fangs",,,"403;404;405","405"
"405","Luxray (Shadow)","Shinx","TRUE",,"370",,,,"15/15/15",,,,"50",,,,"3265",,,,"Snarl, Wild Charge, Psychic Fangs",,,"403;404;405","405"
"407","Roserade","Roselia","FALSE",,"246",,,,"15/15/15",,,,"50",,,,"3359",,,,"Poison Sting, Weather Ball (Fire), Leaf Storm",,,"315;406;407","406;407"
"409","Rampardos","Cranidos","FALSE",,"399",,,,"15/15/15",,,,"50",,,,"3728",,,,"Smack Down, Rock Slide, Flamethrower",,,"408;409","409"
"409","Rampardos (Shadow)","Cranidos","TRUE",,"347",,,,"15/15/15",,,,"50",,,,"3728",,,,"Smack Down, Rock Slide, Flamethrower",,,"408;409","409"
"428","Lopunny (Mega)","Buneary","FALSE",,"115",,,,"15/15/15",,,,"50",,,,"4234",,,,"Double Kick, Triple Axel, Fire Punch",,,"427;428","428"
"445","Garchomp","Gible","FALSE",,"173",,,,"15/15/15",,,,"50",,,,"4479",,,,"Mud Shot, Outrage, Earth Power",,,"443;444;445","445"
"445","Garchomp (Mega)","Gible","FALSE",,"7",,,,"15/15/15",,,,"50",,,,"6132",,,,"Dragon Tail, Earth Power, Breaking Swipe",,,"443;444;445","445"
"445","Garchomp (Shadow)","Gible","TRUE",,"151",,,,"15/15/15",,,,"50",,,,"4479",,,,"Dragon Tail, Outrage, Sand Tomb",,,"443;444;445","445"
"448","Lucario (Mega)","Riolu","FALSE",,"47",,,,"15/15/15",,,,"50",,,,"4325",,,,"Force Palm, Shadow Ball, Aura Sphere",,,"447;448","448"
"450","Hippowdon","Hippopotas","FALSE",,"145",,,,"15/15/15",,,,"50",,,,"3488",,,,"Sand Attack, Weather Ball (Rock), Earth Power",,,"449;450","450"
"450","Hippowdon (Shadow)","Hippopotas","TRUE",,"121",,,,"15/15/15",,,,"50",,,,"3488",,,,"Sand Attack, Weather Ball (Rock), Earth Power",,,"449;450","450"
"460","Abomasnow (Mega)","Snover","FALSE",,"105",,,,"15/15/15",,,,"50",,,,"3850",,,,"Powder Snow, Weather Ball (Ice), Energy Ball",,,"459;460","460"
"461","Weavile","Sneasel","FALSE",,"324",,,,"15/15/15",,,,"50",,,,"3397",,,,"Snarl, Avalanche, Focus Blast",,,"215;461","461"
"461","Weavile (Shadow)","Sneasel","TRUE",,"318",,,,"15/15/15",,,,"50",,,,"3397",,,,"Snarl, Avalanche, Focus Blast",,,"215;461","461"
"462","Magnezone","Magnemite","FALSE",,"142",,,,"15/15/15",,,,"50",,,,"3623",,,,"Volt Switch, Wild Charge, Mirror Shot",,,"81;82;462","462"
"462","Magnezone (Shadow)","Magnemite","TRUE",,"117",,,,"15/15/15",,,,"50",,,,"3623",,,,"Volt Switch, Wild Charge, Mirror Shot",,,"81;82;462","462"
"463","Lickilicky","Lickitung","FALSE",,"398",,,,"15/15/15",,,,"50",,,,"2789",,,,"Rollout, Body Slam, Shadow Ball",,,"108;463","463"
"464","Rhyperior","Rhyhorn","FALSE",,"108",,,,"15/15/15",,,,"50",,,,"4221",,,,"Mud Slap, Superpower, Rock Wrecker",,,"111;112;464","464"
"464","Rhyperior (Shadow)","Rhyhorn","TRUE",,"98",,,,"15/15/15",,,,"50",,,,"4221",,,,"Mud Slap, Superpower, Rock Wrecker",,,"111;112;464","464"
"465","Tangrowth","Tangela","FALSE",,"238",,,,"15/15/15",,,,"50",,,,"3425",,,,"Vine Whip, Power Whip, Rock Slide",,,"114;465","465"
"465","Tangrowth (Shadow)","Tangela","TRUE",,"212",,,,"15/15/15",,,,"50",,,,"3425",,,,"Vine Whip, Power Whip, Rock Slide",,,"114;465","465"
"466","Electivire","Electabuzz","FALSE",,"215",,,,"15/15/15",,,,"50",,,,"3481",,,,"Thunder Shock, Wild Charge, Ice Punch",,,"125;239;466","239;466"
"466","Electivire (Shadow)","Electabuzz","TRUE",,"159",,,,"15/15/15",,,,"50",,,,"3481",,,,"Thunder Shock, Wild Charge, Ice Punch",,,"125;239;466","239;466"
"467","Magmortar","Magmar","FALSE",,"315",,,,"15/15/15",,,,"50",,,,"3541",,,,"Karate Chop, Fire Punch, Thunderbolt",,,"126;240;467","240;467"
"467","Magmortar (Shadow)","Magmar","TRUE",,"283",,,,"15/15/15",,,,"50",,,,"3541",,,,"Karate Chop, Fire Punch, Thunderbolt",,,"126;240;467","240;467"
"468","Togekiss","Togepi","FALSE",,"32",,,,"15/15/15",,,,"50",,,,"3767",,,,"Peck, Dazzling Gleam, Aura Sphere",,,"175;176;468","468"
"469","Yanmega","Yanma","FALSE",,"388",,,,"15/15/15",,,,"50",,,,"3330",,,,"Bug Bite, Aerial Ace, Ancient Power",,,"193;469","469"
"470","Leafeon","Leafeon","FALSE",,"320",,,,"15/15/15",,,,"50",,,,"3328",,,,"Bullet Seed, Leaf Blade, Last Resort",,,"133;470","470"
"471","Glaceon","Glaceon","FALSE",,"337",,,,"15/15/15",,,,"50",,,,"3535",,,,"Ice Shard, Avalanche, Water Pulse",,,"133;471","471"
"472","Gliscor","Gligar","FALSE",,"403",,,,"15/15/15",,,,"50",,,,"3043",,,,"Wing Attack, Night Slash, Earthquake",,,"207;472","472"
"472","Gliscor (Shadow)","Gligar","TRUE",,"366",,,,"15/15/15",,,,"50",,,,"3043",,,,"Fury Cutter, Night Slash, Aerial Ace",,,"207;472","472"
"473","Mamoswine","Swinub","FALSE",,"179",,,,"15/15/15",,,,"50",,,,"3763",,,,"Powder Snow, Icicle Spear, High Horsepower",,,"220;221;473","473"
"473","Mamoswine (Shadow)","Swinub","TRUE",,"147",,,,"15/15/15",,,,"50",,,,"3763",,,,"Powder Snow, High Horsepower, Icicle Spear",,,"220;221;473","473"
"474","Porygon-Z","Porygon","FALSE",,"345",,,,"15/15/15",,,,"50",,,,"3693",,,,"Lock On, Tri Attack, Blizzard",,,"137;233;474","474"
"474","Porygon-Z (Shadow)","Porygon","TRUE",,"369",,,,"15/15/15",,,,"50",,,,"3693",,,,"Lock On, Tri Attack, Blizzard",,,"137;233;474","474"
"475","Gallade","Gallade","FALSE",,"223",,,,"15/15/15",,,,"50",,,,"3497",,,,"Confusion, Close Combat, Leaf Blade",,,"280;281;475","475"
"475","Gallade (Mega)","Gallade","FALSE",,"20",,,,"15/15/15",,,,"50",,,,"5112",,,,"Confusion, Close Combat, Leaf Blade",,,"280;281;475","475"
"475","Gallade (Shadow)","Gallade","TRUE",,"210",,,,"15/15/15",,,,"50",,,,"3497",,,,"Confusion, Close Combat, Leaf Blade",,,"280;281;475","475"
"480","Uxie","Uxie","FALSE",,"406",,,,"15/15/15",,,,"50",,,,"2853",,,,"Confusion, Swift, Future Sight",,,"480","480"
"481","Mesprit","Mesprit","FALSE",,"365",,,,"15/15/15",,,,"50",,,,"3457",,,,"Confusion, Swift, Future Sight",,,"481","481"
"482","Azelf","Azelf","FALSE",,"396",,,,"15/15/15",,,,"50",,,,"3629",,,,"Confusion, Swift, Future Sight",,,"482","482"
"483","Dialga","Dialga","FALSE",,"41",,,,"15/15/15",,,,"50",,,,"4565",,,,"Dragon Breath, Iron Head, Thunder",,,"483","483"
"483","Dialga (Origin)","Dialga","FALSE",,"10",,,,"15/15/15",,,,"50",,,,"4624",,,,"Dragon Breath, Roar of Time, Iron Head",,,"483","483"
"483","Dialga (Shadow)","Dialga","TRUE",,"28",,,,"15/15/15",,,,"50",,,,"4565",,,,"Dragon Breath, Iron Head, Draco Meteor",,,"483","483"
"484","Palkia","Palkia","FALSE",,"30",,,,"15/15/15",,,,"50",,,,"4512",,,,"Dragon Breath, Aqua Tail, Fire Blast",,,"484","484"
"484","Palkia (Origin)","Palkia","FALSE",,"9",,,,"15/15/15",,,,"50",,,,"4683",,,,"Dragon Breath, Aqua Tail, Spacial Rend",,,"484","484"
"484","Palkia (Shadow)","Palkia","TRUE",,"19",,,,"15/15/15",,,,"50",,,,"4512",,,,"Dragon Breath, Aqua Tail, Draco Meteor",,,"484","484"
"485","Heatran","Heatran","FALSE",,"149",,,,"15/15/15",,,,"50",,,,"4244",,,,"Fire Spin, Magma Storm, Iron Head",,,"485","485"
"485","Heatran (Shadow)","Heatran","TRUE",,"104",,,,"15/15/15",,,,"50",,,,"4244",,,,"Fire Spin, Magma Storm, Stone Edge",,,"485","485"
"486","Regigigas","Regigigas","FALSE",,"250",,,,"15/15/15",,,,"50",,,,"4913",,,,"Hidden Power (Ice), Crush Grip, Thunder",,,"486","486"
"486","Regigigas (Shadow)","Regigigas","TRUE",,"330",,,,"15/15/15",,,,"50",,,,"4913",,,,"Hidden Power (Ice), Crush Grip, Thunder",,,"486","486"
"487","Giratina (Altered)","Giratina","FALSE",,"97",,,,"15/15/15",,,,"50",,,,"3820",,,,"Dragon Breath, Dragon Claw, Ancient Power",,,"487","487"
"487","Giratina (Altered) (Shadow)","Giratina","TRUE",,"68",,,,"15/15/15",,,,"50",,,,"3820",,,,"Dragon Breath, Ancient Power, Dragon Claw",,,"487","487"
"487","Giratina (Origin)","Giratina","FALSE",,"131",,,,"15/15/15",,,,"50",,,,"4164",,,,"Dragon Tail, Shadow Ball, Ominous Wind",,,"487","487"
"488","Cresselia","Cresselia","FALSE",,"224",,,,"15/15/15",,,,"50",,,,"3230",,,,"Confusion, Grass Knot, Moonblast",,,"488","488"
"488","Cresselia (Shadow)","Cresselia","TRUE",,"240",,,,"15/15/15",,,,"50",,,,"3230",,,,"Confusion, Grass Knot, Moonblast",,,"488","488"
"491","Darkrai","Darkrai","FALSE",,"251",,,,"15/15/15",,,,"50",,,,"4227",,,,"Snarl, Dark Pulse, Focus Blast",,,"491","491"
"492","Shaymin (Land)","Shaymin","FALSE",,"432",,,,"15/15/15",,,,"50",,,,"3691",,,,"Zen Headbutt, Grass Knot, Seed Flare",,,"492","492"
"492","Shaymin (Sky)","Shaymin","FALSE",,"299",,,,"15/15/15",,,,"50",,,,"4061",,,,"Magical Leaf, Grass Knot, Energy Ball",,,"492","492"
"494","Victini","Victini","FALSE",,"155",,,,"15/15/15",,,,"50",,,,"3691",,,,"Confusion, V-Create, Psyshock",,,"494","494"
"500","Emboar","Tepig","FALSE",,"289",,,,"15/15/15",,,,"50",,,,"3372",,,,"Ember, Blast Burn, Rock Slide",,,"498;499;500","500"
"500","Emboar (Shadow)","Tepig","TRUE",,"270",,,,"15/15/15",,,,"50",,,,"3372",,,,"Ember, Blast Burn, Rock Slide",,,"498;499;500","500"
"503","Samurott","Oshawott","FALSE",,"234",,,,"15/15/15",,,,"50",,,,"3194",,,,"Fury Cutter, Hydro Cannon, Razor Shell",,,"501;502;503","503"
"503","Samurott (Hisuian)","Oshawott","FALSE",,"280",,,,"15/15/15",,,,"50",,,,"3167",,,,"Fury Cutter, Razor Shell, Icy Wind",,,"501;502;503","503"
"503","Samurott (Shadow)","Oshawott","TRUE",,"206",,,,"15/15/15",,,,"50",,,,"3194",,,,"Fury Cutter, Hydro Cannon, Razor Shell",,,"501;502;503","503"
"508","Stoutland","Lillipup","FALSE",,"335",,,,"15/15/15",,,,"50",,,,"3196",,,,"Sand Attack, Wild Charge, Crunch",,,"506;507;508","508"
"518","Musharna","Munna","FALSE",,"423",,,,"15/15/15",,,,"50",,,,"3079",,,,"Charge Beam, Psyshock, Dazzling Gleam",,,"517;518","518"
"526","Gigalith","Roggenrola","FALSE",,"204",,,,"15/15/15",,,,"50",,,,"3650",,,,"Mud Slap, Superpower, Meteor Beam",,,"524;525;526","526"
"526","Gigalith (Shadow)","Roggenrola","TRUE",,"279",,,,"15/15/15",,,,"50",,,,"3650",,,,"Mud Slap, Meteor Beam, Superpower",,,"524;525;526","526"
"530","Excadrill","Drilbur","FALSE",,"168",,,,"15/15/15",,,,"50",,,,"3667",,,,"Mud Slap, Drill Run, Rock Slide",,,"529;530","530"
"530","Excadrill (Shadow)","Drilbur","TRUE",,"161",,,,"15/15/15",,,,"50",,,,"3667",,,,"Mud Slap, Drill Run, Rock Slide",,,"529;530","530"
"531","Audino (Mega)","Audino","FALSE",,"428",,,,"15/15/15",,,,"50",,,,"2853",,,,"Zen Headbutt, Body Slam, Disarming Voice",,,"531","531"
"534","Conkeldurr","Timburr","FALSE",,"157",,,,"15/15/15",,,,"50",,,,"3773",,,,"Counter, Dynamic Punch, Brutal Swing",,,"532;533;534","534"
"534","Conkeldurr (Shadow)","Timburr","TRUE",,"126",,,,"15/15/15",,,,"50",,,,"3773",,,,"Counter, Dynamic Punch, Brutal Swing",,,"532;533;534","534"
"537","Seismitoad","Tympole","FALSE",,"392",,,,"15/15/15",,,,"50",,,,"2899",,,,"Mud Shot, Earth Power, Muddy Water",,,"535;536;537","537"
"538","Throh","Throh","FALSE",,"427",,,,"15/15/15",,,,"50",,,,"2896",,,,"Low Kick, Body Slam, Brick Break",,,"538","538"
"538","Throh (Shadow)","Throh","TRUE",,"425",,,,"15/15/15",,,,"50",,,,"2896",,,,"Low Kick, Body Slam, Brick Break",,,"538","538"
"553","Krookodile","Sandile","FALSE",,"248",,,,"15/15/15",,,,"50",,,,"3444",,,,"Mud Slap, Crunch, Brick Break",,,"551;552;553","553"
"555","Darmanitan (Galarian)","Darumaka","FALSE",,"313",,,,"15/15/15",,,,"50",,,,"3511",,,,"Ice Fang, Avalanche, Superpower",,,"554;555","555"
"555","Darmanitan (Standard)","Darumaka","FALSE",,"287",,,,"15/15/15",,,,"50",,,,"3511",,,,"Incinerate, Rock Slide, Overheat",,,"554;555","555"
"555","Darmanitan (Standard) (Shadow)","Darumaka","TRUE",,"265",,,,"15/15/15",,,,"50",,,,"3511",,,,"Incinerate, Rock Slide, Overheat",,,"554;555","555"
"565","Carracosta","Tirtouga","FALSE",,"379",,,,"15/15/15",,,,"50",,,,"2964",,,,"Water Gun, Liquidation, Body Slam",,,"564;565","565"
"565","Carracosta (Shadow)","Tirtouga","TRUE",,"358",,,,"15/15/15",,,,"50",,,,"2964",,,,"Water Gun, Liquidation, Body Slam",,,"564;565","565"
"567","Archeops","Archen","FALSE",,"402",,,,"15/15/15",,,,"50",,,,"3766",,,,"Wing Attack, Ancient Power, Crunch",,,"566;567","567"
"567","Archeops (Shadow)","Archen","TRUE",,"382",,,,"15/15/15",,,,"50",,,,"3766",,,,"Wing Attack, Ancient Power, Crunch",,,"566;567","567"
"579","Reuniclus","Solosis","FALSE",,"386",,,,"15/15/15",,,,"50",,,,"3309",,,,"Charm, Psyshock, Shadow Ball",,,"577;578;579","579"
"579","Reuniclus (Shadow)","Solosis","TRUE",,"374",,,,"15/15/15",,,,"50",,,,"3309",,,,"Charm, Psyshock, Shadow Ball",,,"577;578;579","579"
"584","Vanilluxe","Vanillite","FALSE",,"375",,,,"15/15/15",,,,"50",,,,"3190",,,,"Astonish, Avalanche, Signal Beam",,,"582;583;584","584"
"589","Escavalier","Karrablast","FALSE",,"294",,,,"15/15/15",,,,"50",,,,"3266",,,,"Bug Bite, Drill Run, Megahorn",,,"588;589","589"
"589","Escavalier (Shadow)","Karrablast","TRUE",,"301",,,,"15/15/15",,,,"50",,,,"3266",,,,"Bug Bite, Drill Run, Megahorn",,,"588;589","589"
"601","Klinklang","Klink","FALSE",,"416",,,,"15/15/15",,,,"50",,,,"2981",,,,"Metal Sound, Mirror Shot, Zap Cannon",,,"599;600;601","601"
"609","Chandelure","Litwick","FALSE",,"303",,,,"15/15/15",,,,"50",,,,"3695",,,,"Incinerate, Shadow Ball, Flame Charge",,,"607;608;609","609"
"609","Chandelure (Shadow)","Litwick","TRUE",,"292",,,,"15/15/15",,,,"50",,,,"3695",,,,"Incinerate, Shadow Ball, Flame Charge",,,"607;608;609","609"
"612","Haxorus","Axew","FALSE",,"185",,,,"15/15/15",,,,"50",,,,"4062",,,,"Dragon Tail, Night Slash, Surf",,,"610;611;612","612"
"614","Beartic","Cubchoo","FALSE",,"267",,,,"15/15/15",,,,"50",,,,"3439",,,,"Powder Snow, Ice Punch, Liquidation",,,"613;614","614"
"615","Cryogonal","Cryogonal","FALSE",,"288",,,,"15/15/15",,,,"50",,,,"3163",,,,"Ice Shard, Triple Axel, Night Slash",,,"615","615"
"621","Druddigon","Druddigon","FALSE",,"381",,,,"15/15/15",,,,"50",,,,"3088",,,,"Dragon Tail, Night Slash, Rock Tomb",,,"621","621"
"623","Golurk","Golett","FALSE",,"236",,,,"15/15/15",,,,"50",,,,"3226",,,,"Mud Slap, Shadow Punch, Dynamic Punch",,,"622;623","623"
"623","Golurk (Shadow)","Golett","TRUE",,"191",,,,"15/15/15",,,,"50",,,,"3226",,,,"Mud Slap, Shadow Punch, Dynamic Punch",,,"622;623","623"
"625","Bisharp","Pawniard","FALSE",,"383",,,,"15/15/15",,,,"50",,,,"3215",,,,"Snarl, Dark Pulse, X-Scissor",,,"624;625;983","625;983"
"626","Bouffalant","Bouffalant","FALSE",,"401",,,,"15/15/15",,,,"50",,,,"3163",,,,"Mud Shot, Stomp, Megahorn",,,"626","626"
"628","Braviary","Rufflet","FALSE",,"411",,,,"15/15/15",,,,"50",,,,"3491",,,,"Air Slash, Close Combat, Brave Bird",,,"627;628","628"
"628","Braviary (Hisuian)","Rufflet","FALSE",,"420",,,,"15/15/15",,,,"50",,,,"3181",,,,"Air Slash, Brave Bird, Fly",,,"627;628","628"
"635","Hydreigon","Deino","FALSE",,"92",,,,"15/15/15",,,,"50",,,,"4098",,,,"Dragon Breath, Brutal Swing, Flash Cannon",,,"633;634;635","635"
"635","Hydreigon (Shadow)","Deino","TRUE",,"49",,,,"15/15/15",,,,"50",,,,"4098",,,,"Dragon Breath, Brutal Swing, Dragon Pulse",,,"633;634;635","635"
"637","Volcarona","Larvesta","FALSE",,"336",,,,"15/15/15",,,,"50",,,,"4106",,,,"Fire Spin, Overheat, Bug Buzz",,,"636;637","637"
"638","Cobalion","Cobalion","FALSE",,"113",,,,"15/15/15",,,,"50",,,,"3417",,,,"Double Kick, Sacred Sword, Stone Edge",,,"638","638"
"639","Terrakion","Terrakion","FALSE",,"124",,,,"15/15/15",,,,"50",,,,"4181",,,,"Double Kick, Sacred Sword, Rock Slide",,,"639","639"
"640","Virizion","Virizion","FALSE",,"88",,,,"15/15/15",,,,"50",,,,"3417",,,,"Double Kick, Leaf Blade, Sacred Sword",,,"640","640"
"641","Tornadus (Incarnate)","Tornadus","FALSE",,"417",,,,"15/15/15",,,,"50",,,,"3782",,,,"Air Slash, Grass Knot, Dark Pulse",,,"641","641"
"641","Tornadus (Incarnate) (Shadow)","Tornadus","TRUE",,"424",,,,"15/15/15",,,,"50",,,,"3782",,,,"Air Slash, Grass Knot, Dark Pulse",,,"641","641"
"641","Tornadus (Therian)","Tornadus","FALSE",,"357",,,,"15/15/15",,,,"50",,,,"3635",,,,"Gust, Bleakwind Storm, Focus Blast",,,"641","641"
"642","Thundurus (Incarnate)","Thundurus","FALSE",,"194",,,,"15/15/15",,,,"50",,,,"3782",,,,"Thunder Shock, Crunch, Thunder",,,"642","642"
"642","Thundurus (Therian)","Thundurus","FALSE",,"110",,,,"15/15/15",,,,"50",,,,"4137",,,,"Volt Switch, Wildbolt Storm, Focus Blast",,,"642","642"
"643","Reshiram","Reshiram","FALSE",,"27",,,,"15/15/15",,,,"50",,,,"4565",,,,"Dragon Breath, Fusion Flare, Draco Meteor",,,"643","643"
"644","Zekrom","Zekrom","FALSE",,"24",,,,"15/15/15",,,,"50",,,,"4565",,,,"Dragon Breath, Outrage, Fusion Bolt",,,"644","644"
"645","Landorus (Incarnate)","Landorus","FALSE",,"154",,,,"15/15/15",,,,"50",,,,"4057",,,,"Mud Shot, Earth Power, Rock Slide",,,"645","645"
"645","Landorus (Therian)","Landorus","FALSE",,"72",,,,"15/15/15",,,,"50",,,,"4434",,,,"Mud Shot, Sandsear Storm, Stone Edge",,,"645","645"
"646","Kyurem","Kyurem","FALSE",,"50",,,,"15/15/15",,,,"50",,,,"4041",,,,"Dragon Breath, Glaciate, Dragon Claw",,,"646","646"
"646","Kyurem (Black)","Kyurem","FALSE",,"40",,,,"15/15/15",,,,"50",,,,"5206",,,,"Dragon Tail, Freeze Shock, Fusion Bolt",,,"646","646"
"646","Kyurem (White)","Kyurem","FALSE",,"21",,,,"15/15/15",,,,"50",,,,"5206",,,,"Dragon Breath, Fusion Flare, Ice Burn",,,"646","646"
"647","Keldeo (Ordinary)","Keldeo","FALSE",,"70",,,,"15/15/15",,,,"50",,,,"4181",,,,"Poison Jab, Aqua Jet, Sacred Sword",,,"647","647"
"648","Meloetta (Aria)","Meloetta","FALSE",,"64",,,,"15/15/15",,,,"50",,,,"4490",,,,"Confusion, Psyshock, Dazzling Gleam",,,"648","648"
"649","Genesect","Genesect","FALSE",,"138",,,,"15/15/15",,,,"50",,,,"3791",,,,"Fury Cutter, Magnet Bomb, Techno Blast (Normal)",,,"649","649"
"649","Genesect (Burn)","Genesect","FALSE",,"136",,,,"15/15/15",,,,"50",,,,"3791",,,,"Fury Cutter, Magnet Bomb, Techno Blast (Burn)",,,"649","649"
"649","Genesect (Chill)","Genesect","FALSE",,"96",,,,"15/15/15",,,,"50",,,,"3791",,,,"Fury Cutter, Magnet Bomb, Techno Blast (Chill)",,,"649","649"
"649","Genesect (Douse)","Genesect","FALSE",,"123",,,,"15/15/15",,,,"50",,,,"3791",,,,"Fury Cutter, Magnet Bomb, Techno Blast (Douse)",,,"649","649"
"649","Genesect (Shock)","Genesect","FALSE",,"100",,,,"15/15/15",,,,"50",,,,"3791",,,,"Fury Cutter, Magnet Bomb, Techno Blast (Shock)",,,"649","649"
"652","Chesnaught","Chespin","FALSE",,"187",,,,"15/15/15",,,,"50",,,,"3340",,,,"Vine Whip, Superpower, Frenzy Plant",,,"650;651;652","652"
"655","Delphox","Fennekin","FALSE",,"281",,,,"15/15/15",,,,"50",,,,"3459",,,,"Fire Spin, Psyshock, Blast Burn",,,"653;654;655","655"
"668","Pyroar","Litleo","FALSE",,"346",,,,"15/15/15",,,,"50",,,,"3129",,,,"Incinerate, Flame Charge, Dark Pulse",,,"667;668","668"
"671","Florges","Flabebe","FALSE",,"13",,,,"15/15/15",,,,"50",,,,"3657",,,,"Fairy Wind, Moonblast, Chilling Water",,,"669;670;671","671"
"673","Gogoat","Skiddo","FALSE",,"196",,,,"15/15/15",,,,"50",,,,"3163",,,,"Vine Whip, Leaf Blade, Brick Break",,,"672;673","673"
"675","Pangoro","Pancham","FALSE",,"177",,,,"15/15/15",,,,"50",,,,"3281",,,,"Karate Chop, Close Combat, Night Slash",,,"674;675","675"
"689","Barbaracle","Binacle","FALSE",,"278",,,,"15/15/15",,,,"50",,,,"3025",,,,"Fury Cutter, Cross Chop, Stone Edge",,,"688;689","689"
"697","Tyrantrum","Tyrunt","FALSE",,"239",,,,"15/15/15",,,,"50",,,,"3537",,,,"Dragon Tail, Meteor Beam, Rock Tomb",,,"696;697","697"
"697","Tyrantrum (Shadow)","Tyrunt","TRUE",,"310",,,,"15/15/15",,,,"50",,,,"3537",,,,"Dragon Tail, Meteor Beam, Rock Tomb",,,"696;697","697"
"699","Aurorus","Amaura","FALSE",,"256",,,,"15/15/15",,,,"50",,,,"3168",,,,"Powder Snow, Weather Ball (Ice), Thunderbolt",,,"698;699","699"
"699","Aurorus (Shadow)","Amaura","TRUE",,"135",,,,"15/15/15",,,,"50",,,,"3168",,,,"Powder Snow, Weather Ball (Ice), Meteor Beam",,,"698;699","699"
"700","Sylveon","Eevee","FALSE",,"102",,,,"15/15/15",,,,"50",,,,"3470",,,,"Charm, Moonblast, Psyshock",,,"133;700","700"
"706","Goodra","Goomy","FALSE",,"43",,,,"15/15/15",,,,"50",,,,"3963",,,,"Dragon Breath, Aqua Tail, Draco Meteor",,,"704;705;706","706"
"711","Gourgeist (Large)","Pumpkaboo","FALSE",,"342",,,,"15/15/15",,,,"50",,,,"2850",,,,"Hex, Shadow Ball, Seed Bomb",,,"710;711","711"
"711","Gourgeist (Super)","Pumpkaboo","FALSE",,"327",,,,"15/15/15",,,,"50",,,,"2976",,,,"Hex, Shadow Ball, Seed Bomb",,,"710;711","711"
"713","Avalugg","Bergmite","FALSE",,"125",,,,"15/15/15",,,,"50",,,,"3615",,,,"Ice Fang, Avalanche, Body Slam",,,"712;713","713"
"713","Avalugg (Hisuian)","Bergmite","FALSE",,"118",,,,"15/15/15",,,,"50",,,,"3909",,,,"Powder Snow, Rock Slide, Icy Wind",,,"712;713","713"
"715","Noivern","Noibat","FALSE",,"433",,,,"15/15/15",,,,"50",,,,"3125",,,,"Air Slash, Hurricane, Draco Meteor",,,"714;715","715"
"716","Xerneas","Xerneas","FALSE",,"60",,,,"15/15/15",,,,"50",,,,"4275",,,,"Geomancy, Close Combat, Moonblast",,,"716","716"
"717","Yveltal","Yveltal","FALSE",,"80",,,,"15/15/15",,,,"50",,,,"4275",,,,"Sucker Punch, Dark Pulse, Oblivion Wing",,,"717","717"
"718","Zygarde (50% Forme)","Zygarde","FALSE",,"166",,,,"15/15/15",,,,"50",,,,"3855",,,,"Dragon Tail, Crunch, Earthquake",,,"718;718&0-4attack;718&1-4attack","718;718&0-4attack;718&1-4attack"
"718","Zygarde (Complete Forme)","Zygarde","FALSE",,"45",,,,"15/15/15",,,,"50",,,,"4208",,,,"Dragon Tail, Crunch, Earthquake",,,"718;718&0-4attack;718&1-4attack","718;718&0-4attack;718&1-4attack"
"719","Diancie","Diancie","FALSE",,"343",,,,"15/15/15",,,,"50",,,,"3091",,,,"Rock Throw, Rock Slide, Moonblast",,,"719","719"
"719","Diancie (Mega)","Diancie","FALSE",,"152",,,,"15/15/15",,,,"50",,,,"4913",,,,"Rock Throw, Rock Slide, Moonblast",,,"719","719"
"720","Hoopa","Hoopa","FALSE",,"349",,,,"15/15/15",,,,"50",,,,"3797",,,,"Astonish, Shadow Ball, Psychic",,,"720","720"
"720","Hoopa (Unbound)","Hoopa","FALSE",,"332",,,,"15/15/15",,,,"50",,,,"4530",,,,"Confusion, Dark Pulse, Shadow Ball",,,"720","720"
"721","Volcanion","Volcanion","FALSE",,"165",,,,"15/15/15",,,,"50",,,,"4102",,,,"Incinerate, Sludge Bomb, Overheat",,,"721","721"
"724","Decidueye","Rowlet","FALSE",,"300",,,,"15/15/15",,,,"50",,,,"3137",,,,"Leafage, Frenzy Plant, Brave Bird",,,"722;723;724","724"
"724","Decidueye (Hisuian)","Rowlet","FALSE",,"227",,,,"15/15/15",,,,"50",,,,"3275",,,,"Psycho Cut, Aura Sphere, Trailblaze",,,"722;723;724","724"
"727","Incineroar","Litten","FALSE",,"325",,,,"15/15/15",,,,"50",,,,"3387",,,,"Snarl, Blast Burn, Darkest Lariat",,,"725;726;727","727"
"730","Primarina","Popplio","FALSE",,"37",,,,"15/15/15",,,,"50",,,,"3618",,,,"Charm, Disarming Voice, Hydro Cannon",,,"728;729;730","730"
"738","Vikavolt","Grubbin","FALSE",,"263",,,,"15/15/15",,,,"50",,,,"3524",,,,"Volt Switch, X-Scissor, Discharge",,,"736;737;738","738"
"738","Vikavolt (Shadow)","Grubbin","TRUE",,"249",,,,"15/15/15",,,,"50",,,,"3524",,,,"Volt Switch, X-Scissor, Discharge",,,"736;737;738","738"
"740","Crabominable","Crabrawler","FALSE",,"356",,,,"15/15/15",,,,"50",,,,"3286",,,,"Bubble, Ice Punch, Brick Break",,,"739;740","740"
"750","Mudsdale","Mudbray","FALSE",,"221",,,,"15/15/15",,,,"50",,,,"3443",,,,"Mud Slap, Body Slam, Earthquake",,,"749;750","750"
"760","Bewear","Stufful","FALSE",,"261",,,,"15/15/15",,,,"50",,,,"3524",,,,"Shadow Claw, Superpower, Payback",,,"759;760","760"
"763","Tsareena","Bounsweet","FALSE",,"258",,,,"15/15/15",,,,"50",,,,"3351",,,,"Magical Leaf, Triple Axel, High Jump Kick",,,"761;762;763","763"
"765","Oranguru","Oranguru","FALSE",,"373",,,,"15/15/15",,,,"50",,,,"2770",,,,"Confusion, Brutal Swing, Trailblaze",,,"765","765"
"766","Passimian","Passimian","FALSE",,"208",,,,"15/15/15",,,,"50",,,,"3429",,,,"Counter, Close Combat, Brutal Swing",,,"766","766"
"768","Golisopod","Wimpod","FALSE",,"54",,,,"15/15/15",,,,"50",,,,"3575",,,,"Fury Cutter, Aqua Jet, X-Scissor",,,"767;768","768"
"780","Drampa","Drampa","FALSE",,"262",,,,"15/15/15",,,,"50",,,,"3294",,,,"Dragon Breath, Swift, Fly",,,"780","780"
"781","Dhelmise","Dhelmise","FALSE",,"242",,,,"15/15/15",,,,"50",,,,"3335",,,,"Shadow Claw, Shadow Ball, Power Whip",,,"781","781"
"784","Kommo-o","Jangmo-o","FALSE",,"76",,,,"15/15/15",,,,"50",,,,"3741",,,,"Dragon Tail, Clanging Scales, Upper Hand",,,"782;783;784","784"
"785","Tapu Koko","Tapu-koko","FALSE",,"112",,,,"15/15/15",,,,"50",,,,"3582",,,,"Volt Switch, Thunderbolt, Nature's Madness",,,"785","785"
"786","Tapu Lele","Tapu-lele","FALSE",,"44",,,,"15/15/15",,,,"50",,,,"3950",,,,"Astonish, Psyshock, Nature's Madness",,,"786","786"
"787","Tapu Bulu","Tapu-bulu","FALSE",,"56",,,,"15/15/15",,,,"50",,,,"3865",,,,"Bullet Seed, Grass Knot, Nature's Madness",,,"787","787"
"788","Tapu Fini","Tapu-fini","FALSE",,"57",,,,"15/15/15",,,,"50",,,,"3230",,,,"Water Gun, Surf, Nature's Madness",,,"788","788"
"791","Solgaleo","Cosmog","FALSE",,"82",,,,"15/15/15",,,,"50",,,,"4570",,,,"Fire Spin, Psychic Fangs, Iron Head",,,"789;790;791","791"
"792","Lunala","Lunala","FALSE",,"63",,,,"15/15/15",,,,"50",,,,"4570",,,,"Shadow Claw, Shadow Ball, Moonblast",,,"789;790;792","792"
"793","Nihilego","Nihilego","FALSE",,"175",,,,"15/15/15",,,,"50",,,,"4465",,,,"Poison Jab, Power Gem, Sludge Bomb",,,"793","793"
"794","Buzzwole","Buzzwole","FALSE",,"158",,,,"15/15/15",,,,"50",,,,"3912",,,,"Counter, Superpower, Lunge",,,"794","794"
"796","Xurkitree","Xurkitree","FALSE",,"133",,,,"15/15/15",,,,"50",,,,"4451",,,,"Thunder Shock, Discharge, Dazzling Gleam",,,"796","796"
"797","Celesteela","Celesteela","FALSE",,"307",,,,"15/15/15",,,,"50",,,,"3507",,,,"Air Slash, Body Slam, Bulldoze",,,"797","797"
"798","Kartana","Kartana","FALSE",,"228",,,,"15/15/15",,,,"50",,,,"4156",,,,"Razor Leaf, Leaf Blade, Night Slash",,,"798","798"
"799","Guzzlord","Guzzlord","FALSE",,"229",,,,"15/15/15",,,,"50",,,,"3264",,,,"Dragon Tail, Brutal Swing, Dragon Claw",,,"799","799"
"800","Necrozma","Necrozma","FALSE",,"172",,,,"15/15/15",,,,"50",,,,"4163",,,,"Shadow Claw, Dark Pulse, Outrage",,,"800;800&!fusion&ghost;800&!fusion&steel","800"
"800","Necrozma (Dawn Wings)","Necrozma","FALSE",,"66",,,,"15/15/15",,,,"50",,,,"4634",,,,"Shadow Claw, Dark Pulse, Moongeist Beam",,,"800;800&!fusion&ghost;800&!fusion&steel","800"
"800","Necrozma (Dusk Mane)","Necrozma","FALSE",,"78",,,,"15/15/15",,,,"50",,,,"4634",,,,"Shadow Claw, Dark Pulse, Sunsteel Strike",,,"800;800&!fusion&ghost;800&!fusion&steel","800"
"802","Marshadow","Marshadow","FALSE",,"79",,,,"15/15/15",,,,"50",,,,"4217",,,,"Sucker Punch, Close Combat, Ice Punch",,,"802","802"
"804","Naganadel","Poipole","FALSE",,"415",,,,"15/15/15",,,,"50",,,,"3587",,,,"Poison Jab, Dragon Claw, Sludge Bomb",,,"803;804","804"
"805","Stakataka","Stakataka","FALSE",,"272",,,,"15/15/15",,,,"50",,,,"3724",,,,"Rock Throw, Stone Edge, Bulldoze",,,"805","805"
"806","Blacephalon","Blacephalon","FALSE",,"264",,,,"15/15/15",,,,"50",,,,"3727",,,,"Incinerate, Shadow Ball, Mystical Fire",,,"806","806"
"809","Melmetal","Meltan","FALSE",,"85",,,,"15/15/15",,,,"50",,,,"4069",,,,"Thunder Shock, Double Iron Bash, Thunderbolt",,,"808;809","809"
"812","Rillaboom","Grookey","FALSE",,"326",,,,"15/15/15",,,,"50",,,,"3758",,,,"Razor Leaf, Grass Knot, Earth Power",,,"810;811;812","812"
"815","Cinderace","Scorbunny","FALSE",,"329",,,,"15/15/15",,,,"50",,,,"3412",,,,"Fire Spin, Flamethrower, Flame Charge",,,"813;814;815","815"
"823","Corviknight","Rookidee","FALSE",,"331",,,,"15/15/15",,,,"50",,,,"2777",,,,"Sand Attack, Air Cutter, Iron Head",,,"821;822;823","823"
"851","Centiskorch","Sizzlipede","FALSE",,"266",,,,"15/15/15",,,,"50",,,,"3381",,,,"Ember, Lunge, Crunch",,,"850;851","851"
"855","Polteageist","Sinistea","FALSE",,"341",,,,"15/15/15",,,,"50",,,,"3458",,,,"Hex, Shadow Ball, Dark Pulse",,,"854;855","855"
"862","Obstagoon","Zigzagoon","FALSE",,"377",,,,"15/15/15",,,,"50",,,,"2999",,,,"Counter, Night Slash, Obstruct",,,"263&galar;264&galar;862","862"
"862","Obstagoon (Shadow)","Zigzagoon","TRUE",,"333",,,,"15/15/15",,,,"50",,,,"2999",,,,"Counter, Night Slash, Cross Chop",,,"263&galar;264&galar;862","862"
"864","Cursola","Corsola","FALSE",,"312",,,,"15/15/15",,,,"50",,,,"3463",,,,"Astonish, Night Shade, Power Gem",,,"222&galar;864","864"
"865","Sirfetch'd","Farfetchd","FALSE",,"217",,,,"15/15/15",,,,"50",,,,"3375",,,,"Fury Cutter, Close Combat, Leaf Blade",,,"83&galar;865","865"
"866","Mr. Rime","Mr-mime","FALSE",,"354",,,,"15/15/15",,,,"50",,,,"3196",,,,"Confusion, Ice Punch, Triple Axel",,,"122;439;866","439;866"
"874","Stonjourner","Stonjourner","FALSE",,"334",,,,"15/15/15",,,,"50",,,,"3638",,,,"Rock Throw, Rock Slide, Stomp",,,"874","874"
"884","Duraludon","Duraludon","FALSE",,"314",,,,"15/15/15",,,,"50",,,,"3468",,,,"Dragon Tail, Dragon Claw, Flash Cannon",,,"884;1018","884;1018"
"887","Dragapult","Dreepy","FALSE",,"309",,,,"15/15/15",,,,"50",,,,"3993",,,,"Dragon Tail, Shadow Ball, Outrage",,,"885;886;887","887"
"888","Zacian (Crowned Sword)","Zacian","FALSE",,"14",,,,"15/15/15",,,,"50",,,,"5629",,,,"Metal Claw, Close Combat, Behemoth Blade",,,"888","888"
"888","Zacian (Hero)","Zacian","FALSE",,"90",,,,"15/15/15",,,,"50",,,,"4329",,,,"Quick Attack, Wild Charge, Play Rough",,,"888","888"
"889","Zamazenta (Crowned Shield)","Zamazenta","FALSE",,"25",,,,"15/15/15",,,,"50",,,,"4717",,,,"Ice Fang, Close Combat, Behemoth Bash",,,"889","889"
"889","Zamazenta (Hero)","Zamazenta","FALSE",,"109",,,,"15/15/15",,,,"50",,,,"4329",,,,"Ice Fang, Close Combat, Crunch",,,"889","889"
"890","Eternatus","Eternatus","FALSE",,"34",,,,"15/15/15",,,,"50",,,,"5007",,,,"Dragon Tail, Dynamax Cannon, Flamethrower",,,"890","890"
"892","Urshifu (Rapid Strike)","Kubfu","FALSE",,"84",,,,"15/15/15",,,,"50",,,,"4077",,,,"Counter, Aqua Jet, Dynamic Punch",,,"891;892","892"
"892","Urshifu (Single Strike)","Kubfu","FALSE",,"61",,,,"15/15/15",,,,"50",,,,"4077",,,,"Sucker Punch, Dynamic Punch, Payback",,,"891;892","892"
"893","Zarude","Zarude","FALSE",,"99",,,,"15/15/15",,,,"50",,,,"4334",,,,"Vine Whip, Dark Pulse, Power Whip",,,"893","893"
"895","Regidrago","Regidrago","FALSE",,"116",,,,"15/15/15",,,,"50",,,,"3361",,,,"Dragon Breath, Dragon Energy, Outrage",,,"895","895"
"899","Wyrdeer","Stantler","FALSE",,"400",,,,"15/15/15",,,,"50",,,,"3089",,,,"Confusion, Wild Charge, Stomp",,,"234;899","899"
"900","Kleavor","Kleavor","FALSE",,"351",,,,"15/15/15",,,,"50",,,,"3557",,,,"Quick Attack, X-Scissor, Stone Edge",,,"123;900","900"
"901","Ursaluna","Teddiursa","FALSE",,"103",,,,"15/15/15",,,,"50",,,,"4358",,,,"Tackle, Swift, High Horsepower",,,"216;217;901","901"
"901","Ursaluna (Shadow)","Teddiursa","TRUE",,"106",,,,"15/15/15",,,,"50",,,,"4358",,,,"Tackle, Swift, High Horsepower",,,"216;217;901","901"
"903","Sneasler","Sneasel","FALSE",,"243",,,,"15/15/15",,,,"50",,,,"3643",,,,"Shadow Claw, Close Combat, Aerial Ace",,,"215&hisui;903","903"
"903","Sneasler (Shadow)","Sneasel","TRUE",,"160",,,,"15/15/15",,,,"50",,,,"3643",,,,"Shadow Claw, Close Combat, X-Scissor",,,"215&hisui;903","903"
"904","Overqwil","Qwilfish","FALSE",,"316",,,,"15/15/15",,,,"50",,,,"3330",,,,"Poison Sting, Aqua Tail, Shadow Ball",,,"211&hisui;904","904"
"905","Enamorus (Incarnate)","Enamorus","FALSE",,"53",,,,"15/15/15",,,,"50",,,,"3873",,,,"Fairy Wind, Fly, Dazzling Gleam",,,"905","905"
"911","Skeledirge","Fuecoco","FALSE",,"201",,,,"15/15/15",,,,"50",,,,"3422",,,,"Incinerate, Torch Song, Shadow Ball",,,"909;910;911","911"
"914","Quaquaval","Quaxly","FALSE",,"306",,,,"15/15/15",,,,"50",,,,"3411",,,,"Wing Attack, Close Combat, Hydro Cannon",,,"912;913;914","914"
"916","Oinkologne","Lechonk","FALSE",,"355",,,,"15/15/15",,,,"50",,,,"2949",,,,"Tackle, Body Slam, Trailblaze",,,"915;916","916"
"916","Oinkologne (Female)","Lechonk","FALSE",,"378",,,,"15/15/15",,,,"50",,,,"2819",,,,"Tackle, Body Slam, Trailblaze",,,"915;916","916"
"930","Arboliva","Smoliv","FALSE",,"259",,,,"15/15/15",,,,"50",,,,"3345",,,,"Magical Leaf, Trailblaze, Seed Bomb",,,"928;929;930","930"
"936","Armarouge","Armarouge","FALSE",,"171",,,,"15/15/15",,,,"50",,,,"3628",,,,"Incinerate, Psyshock, Flame Charge",,,"935;936","936"
"937","Ceruledge","Ceruledge","FALSE",,"254",,,,"15/15/15",,,,"50",,,,"3586",,,,"Incinerate, Shadow Ball, Flame Charge",,,"935;937","937"
"939","Bellibolt","Tadbulb","FALSE",,"214",,,,"15/15/15",,,,"50",,,,"3010",,,,"Sucker Punch, Parabolic Charge, Discharge",,,"938;939","939"
"949","Toedscruel","Toedscool","FALSE",,"367",,,,"15/15/15",,,,"50",,,,"2738",,,,"Mud Slap, Earth Power, Seed Bomb",,,"948;949","949"
"966","Revavroom","Varoom","FALSE",,"364",,,,"15/15/15",,,,"50",,,,"3337",,,,"Metal Sound, Gyro Ball, Overheat",,,"965;966","966"
"975","Cetitan","Cetoddle","FALSE",,"167",,,,"15/15/15",,,,"50",,,,"3519",,,,"Powder Snow, Avalanche, Body Slam",,,"974;975","975"
"977","Dondozo","Dondozo","FALSE",,"200",,,,"15/15/15",,,,"50",,,,"3388",,,,"Water Gun, Liquidation, Surf",,,"977","977"
"979","Annihilape","Mankey","FALSE",,"74",,,,"15/15/15",,,,"50",,,,"3695",,,,"Counter, Rage Fist, Ice Punch",,,"56;57;979","979"
"979","Annihilape (Shadow)","Mankey","TRUE",,"39",,,,"15/15/15",,,,"50",,,,"3695",,,,"Counter, Rage Fist, Ice Punch",,,"56;57;979","979"
"982","Dudunsparce","Dunsparce","FALSE",,"328",,,,"15/15/15",,,,"50",,,,"3097",,,,"Rollout, Drill Run, Rock Slide",,,"206;982","982"
"983","Kingambit","Pawniard","FALSE",,"182",,,,"15/15/15",,,,"50",,,,"4086",,,,"Snarl, Foul Play, Iron Head",,,"624;625;983","983"
"998","Baxcalibur","Frigibax","FALSE",,"91",,,,"15/15/15",,,,"50",,,,"4013",,,,"Dragon Breath, Avalanche, Dragon Claw",,,"996;997;998","998"
"1000","Gholdengo","Gimmighoul","FALSE",,"111",,,,"15/15/15",,,,"50",,,,"3976",,,,"Hex, Shadow Ball, Focus Blast",,,"999;1000","1000"
"1019","Hydrapple","Applin","FALSE",,"189",,,,"15/15/15",,,,"50",,,,"3656",,,,"Dragon Tail, Seed Bomb, Outrage",,,"840;841;842;1011;1019","1019"
"1111","Select a Pokemon","Select a Pokemon","FALSE","","","","","","","","","","","","","","","","","","","","","1111","1111"
"1111","Select a Pokemon","Select a Pokemon","TRUE","","","","","","","","","","","","","","","","","","","","","1111","1111"
"1112","Select a Shadow Pokemon","Select a Shadow Pokemon","FALSE","","","","","","","","","","","","","","","","","","","","","1112","1112"
"1112","Select a Shadow Pokemon","Select a Shadow Pokemon","TRUE","","","","","","","","","","","","","","","","","","","","","1112","1112"
