"ID","Pokemon","Family","Shadow","Little_Rank","Master_Rank","Ultra_Rank","Great_Rank","Little_IVs","Master_IVs","Ultra_IVs","Great_IVs","Little_Level","Master_Level","Ultra_Level","Great_Level","Little_CP","Master_CP","Ultra_CP","Great_CP","Little_MoveSet","Master_MoveSet","Ultra_MoveSet","Great_MoveSet","Evo_Fam","Evo_Next"
"3","Venusaur","Bulbasaur","FALSE",,"80",,,,"15/15/15",,,,"50",,,,"3075",,,,"Vine Whip, Frenzy Plant, Sludge Bomb",,,"1;2;3","3"
"3","Venusaur (Shadow)","Bulbasaur","TRUE",,"76",,,,"15/15/15",,,,"50",,,,"3075",,,,"Vine Whip, Frenzy Plant, Sludge Bomb",,,"1;2;3","3"
"6","Charizard","Charmander","FALSE",,"123",,,,"15/15/15",,,,"50",,,,"3266",,,,"Dragon Breath, Blast Burn, Dragon Claw",,,"4;5;6","6"
"6","Charizard (Shadow)","Charmander","TRUE",,"130",,,,"15/15/15",,,,"50",,,,"3266",,,,"Dragon Breath, Blast Burn, Dragon Claw",,,"4;5;6","6"
"9","Blastoise","Squirtle","FALSE",,"132",,,,"15/15/15",,,,"50",,,,"2788",,,,"Water Gun, Hydro Cannon, Ice Beam",,,"7;8;9","9"
"9","Blastoise (Shadow)","Squirtle","TRUE",,"154",,,,"15/15/15",,,,"50",,,,"2788",,,,"Water Gun, Hydro Cannon, Ice Beam",,,"7;8;9","9"
"18","Pidgeot","Pidgey","FALSE",,"433",,,,"15/15/15",,,,"50",,,,"2407",,,,"Wing Attack, Brave Bird, Aerial Ace",,,"16;17;18","18"
"18","Pidgeot (Shadow)","Pidgey","TRUE",,"411",,,,"15/15/15",,,,"50",,,,"2407",,,,"Wing Attack, Brave Bird, Aerial Ace",,,"16;17;18","18"
"26","Raichu (Alolan)","Pikachu","FALSE",,"373",,,,"15/15/15",,,,"50",,,,"2585",,,,"Volt Switch, Wild Charge, Thunder Punch",,,"25;26;172","26;172"
"28","Sandslash","Sandshrew","FALSE",,"314",,,,"15/15/15",,,,"50",,,,"2684",,,,"Sand Attack, Night Slash, Scorching Sands",,,"27;28","28"
"28","Sandslash (Alolan)","Sandshrew","FALSE",,"169",,,,"15/15/15",,,,"50",,,,"2750",,,,"Powder Snow, Ice Punch, Drill Run",,,"27;28","28"
"28","Sandslash (Alolan) (Shadow)","Sandshrew","TRUE",,"129",,,,"15/15/15",,,,"50",,,,"2750",,,,"Powder Snow, Ice Punch, Drill Run",,,"27;28","28"
"28","Sandslash (Shadow)","Sandshrew","TRUE",,"290",,,,"15/15/15",,,,"50",,,,"2684",,,,"Sand Attack, Night Slash, Scorching Sands",,,"27;28","28"
"31","Nidoqueen","Nidoran-f","FALSE",,"177",,,,"15/15/15",,,,"50",,,,"2812",,,,"Poison Jab, Earth Power, Poison Fang",,,"29;30;31","31"
"31","Nidoqueen (Shadow)","Nidoran-f","TRUE",,"170",,,,"15/15/15",,,,"50",,,,"2812",,,,"Poison Jab, Earth Power, Poison Fang",,,"29;30;31","31"
"34","Nidoking","Nidoran-m","FALSE",,"331",,,,"15/15/15",,,,"50",,,,"2902",,,,"Poison Jab, Earth Power, Megahorn",,,"32;33;34","34"
"34","Nidoking (Shadow)","Nidoran-m","TRUE",,"382",,,,"15/15/15",,,,"50",,,,"2902",,,,"Poison Jab, Earth Power, Megahorn",,,"32;33;34","34"
"36","Clefable","Clefairy","FALSE",,"118",,,,"15/15/15",,,,"50",,,,"2755",,,,"Fairy Wind, Moonblast, Meteor Mash",,,"35;36;173","36;173"
"38","Ninetales","Vulpix","FALSE",,"279",,,,"15/15/15",,,,"50",,,,"2577",,,,"Fire Spin, Weather Ball (Fire), Scorching Sands",,,"37;38","38"
"38","Ninetales (Alolan)","Vulpix","FALSE",,"205",,,,"15/15/15",,,,"50",,,,"2610",,,,"Powder Snow, Weather Ball (Ice), Psyshock",,,"37;38","38"
"38","Ninetales (Alolan) (Shadow)","Vulpix","TRUE",,"156",,,,"15/15/15",,,,"50",,,,"2610",,,,"Powder Snow, Weather Ball (Ice), Psyshock",,,"37;38","38"
"38","Ninetales (Shadow)","Vulpix","TRUE",,"250",,,,"15/15/15",,,,"50",,,,"2577",,,,"Fire Spin, Weather Ball (Fire), Scorching Sands",,,"37;38","38"
"45","Vileplume","Oddish","FALSE",,"388",,,,"15/15/15",,,,"50",,,,"2893",,,,"Razor Leaf, Sludge Bomb, Moonblast",,,"43;44;45","45"
"45","Vileplume (Shadow)","Oddish","TRUE",,"349",,,,"15/15/15",,,,"50",,,,"2893",,,,"Razor Leaf, Sludge Bomb, Moonblast",,,"43;44;45","45"
"55","Golduck","Psyduck","FALSE",,"301",,,,"15/15/15",,,,"50",,,,"2770",,,,"Water Gun, Cross Chop, Liquidation",,,"54;55","55"
"55","Golduck (Shadow)","Psyduck","TRUE",,"278",,,,"15/15/15",,,,"50",,,,"2770",,,,"Water Gun, Cross Chop, Liquidation",,,"54;55","55"
"57","Primeape","Mankey","FALSE",,"366",,,,"15/15/15",,,,"50",,,,"2586",,,,"Counter, Close Combat, Cross Chop",,,"56;57;979","57;979"
"57","Primeape (Shadow)","Mankey","TRUE",,"192",,,,"15/15/15",,,,"50",,,,"2586",,,,"Karate Chop, Close Combat, Cross Chop",,,"56;57;979","57;979"
"59","Arcanine","Growlithe","FALSE",,"163",,,,"15/15/15",,,,"50",,,,"3425",,,,"Snarl, Wild Charge, Crunch",,,"58;59","59"
"59","Arcanine (Hisuian)","Growlithe","FALSE",,"214",,,,"15/15/15",,,,"50",,,,"3556",,,,"Snarl, Wild Charge, Rock Slide",,,"58;59","59"
"59","Arcanine (Shadow)","Growlithe","TRUE",,"161",,,,"15/15/15",,,,"50",,,,"3425",,,,"Snarl, Wild Charge, Crunch",,,"58;59","59"
"62","Poliwrath","Poliwag","FALSE",,"111",,,,"15/15/15",,,,"50",,,,"2923",,,,"Counter, Scald, Icy Wind",,,"60;61;62","62"
"62","Poliwrath (Shadow)","Poliwag","TRUE",,"134",,,,"15/15/15",,,,"50",,,,"2923",,,,"Counter, Scald, Icy Wind",,,"60;61;62","62"
"65","Alakazam","Abra","FALSE",,"350",,,,"15/15/15",,,,"50",,,,"3456",,,,"Counter, Fire Punch, Shadow Ball",,,"63;64;65","65"
"65","Alakazam (Shadow)","Abra","TRUE",,"342",,,,"15/15/15",,,,"50",,,,"3456",,,,"Counter, Fire Punch, Shadow Ball",,,"63;64;65","65"
"68","Machamp","Machop","FALSE",,"31",,,,"15/15/15",,,,"50",,,,"3455",,,,"Karate Chop, Cross Chop, Stone Edge",,,"66;67;68","68"
"68","Machamp (Shadow)","Machop","TRUE",,"18",,,,"15/15/15",,,,"50",,,,"3455",,,,"Karate Chop, Cross Chop, Stone Edge",,,"66;67;68","68"
"71","Victreebel","Bellsprout","FALSE",,"374",,,,"15/15/15",,,,"50",,,,"2748",,,,"Razor Leaf, Leaf Blade, Sludge Bomb",,,"69;70;71","71"
"71","Victreebel (Shadow)","Bellsprout","TRUE",,"368",,,,"15/15/15",,,,"50",,,,"2748",,,,"Razor Leaf, Leaf Blade, Sludge Bomb",,,"69;70;71","71"
"73","Tentacruel","Tentacool","FALSE",,"153",,,,"15/15/15",,,,"50",,,,"2738",,,,"Poison Jab, Scald, Blizzard",,,"72;73","73"
"73","Tentacruel (Shadow)","Tentacool","TRUE",,"186",,,,"15/15/15",,,,"50",,,,"2738",,,,"Poison Jab, Scald, Blizzard",,,"72;73","73"
"76","Golem","Geodude","FALSE",,"215",,,,"15/15/15",,,,"50",,,,"3334",,,,"Mud Shot, Stone Edge, Rock Blast",,,"74;75;76","76"
"76","Golem (Alolan)","Geodude","FALSE",,"147",,,,"15/15/15",,,,"50",,,,"3334",,,,"Volt Switch, Wild Charge, Stone Edge",,,"74;75;76","76"
"76","Golem (Alolan) (Shadow)","Geodude","TRUE",,"155",,,,"15/15/15",,,,"50",,,,"3334",,,,"Volt Switch, Wild Charge, Stone Edge",,,"74;75;76","76"
"76","Golem (Shadow)","Geodude","TRUE",,"164",,,,"15/15/15",,,,"50",,,,"3334",,,,"Mud Shot, Stone Edge, Rock Blast",,,"74;75;76","76"
"78","Rapidash","Ponyta","FALSE",,"244",,,,"15/15/15",,,,"50",,,,"2782",,,,"Incinerate, Drill Run, Flame Charge",,,"77;78","78"
"78","Rapidash (Galarian)","Ponyta","FALSE",,"254",,,,"15/15/15",,,,"50",,,,"2782",,,,"Fairy Wind, Body Slam, Megahorn",,,"77;78","78"
"80","Slowbro","Slowpoke","FALSE",,"263",,,,"15/15/15",,,,"50",,,,"2877",,,,"Confusion, Surf, Ice Beam",,,"79;80","80"
"80","Slowbro (Galarian)","Slowpoke","FALSE",,"253",,,,"15/15/15",,,,"50",,,,"2764",,,,"Poison Jab, Surf, Sludge Bomb",,,"79;80","80"
"80","Slowbro (Shadow)","Slowpoke","TRUE",,"302",,,,"15/15/15",,,,"50",,,,"2877",,,,"Confusion, Surf, Ice Beam",,,"79;80","80"
"82","Magneton","Magnemite","FALSE",,"247",,,,"15/15/15",,,,"50",,,,"2810",,,,"Volt Switch, Magnet Bomb, Discharge",,,"81;82;462","82;462"
"82","Magneton (Shadow)","Magnemite","TRUE",,"211",,,,"15/15/15",,,,"50",,,,"2810",,,,"Volt Switch, Magnet Bomb, Discharge",,,"81;82;462","82;462"
"85","Dodrio","Doduo","FALSE",,"458",,,,"15/15/15",,,,"50",,,,"2670",,,,"Steel Wing, Brave Bird, Drill Peck",,,"84;85","85"
"87","Dewgong","Seel","FALSE",,"362",,,,"15/15/15",,,,"50",,,,"2245",,,,"Ice Shard, Icy Wind, Drill Run",,,"86;87","87"
"89","Muk","Grimer","FALSE",,"119",,,,"15/15/15",,,,"50",,,,"3117",,,,"Poison Jab, Dark Pulse, Thunder Punch",,,"88;89","89"
"89","Muk (Alolan)","Grimer","FALSE",,"114",,,,"15/15/15",,,,"50",,,,"3117",,,,"Poison Jab, Dark Pulse, Sludge Wave",,,"88;89","89"
"89","Muk (Alolan) (Shadow)","Grimer","TRUE",,"145",,,,"15/15/15",,,,"50",,,,"3117",,,,"Poison Jab, Dark Pulse, Sludge Wave",,,"88;89","89"
"89","Muk (Shadow)","Grimer","TRUE",,"104",,,,"15/15/15",,,,"50",,,,"3117",,,,"Poison Jab, Dark Pulse, Thunder Punch",,,"88;89","89"
"91","Cloyster","Shellder","FALSE",,"270",,,,"15/15/15",,,,"50",,,,"2880",,,,"Ice Shard, Avalanche, Liquidation",,,"90;91","91"
"91","Cloyster (Shadow)","Shellder","TRUE",,"260",,,,"15/15/15",,,,"50",,,,"2880",,,,"Ice Shard, Avalanche, Liquidation",,,"90;91","91"
"94","Gengar","Gastly","FALSE",,"81",,,,"15/15/15",,,,"50",,,,"3254",,,,"Shadow Claw, Shadow Ball, Shadow Punch",,,"92;93;94","94"
"94","Gengar (Shadow)","Gastly","TRUE",,"57",,,,"15/15/15",,,,"50",,,,"3254",,,,"Shadow Claw, Shadow Ball, Shadow Punch",,,"92;93;94","94"
"97","Hypno","Drowzee","FALSE",,"456",,,,"15/15/15",,,,"50",,,,"2363",,,,"Confusion, Ice Punch, Psyshock",,,"96;97","97"
"97","Hypno (Shadow)","Drowzee","TRUE",,"449",,,,"15/15/15",,,,"50",,,,"2363",,,,"Confusion, Ice Punch, Psyshock",,,"96;97","97"
"99","Kingler","Krabby","FALSE",,"261",,,,"15/15/15",,,,"50",,,,"3198",,,,"Bubble, Crabhammer, X-Scissor",,,"98;99","99"
"101","Electrode","Voltorb","FALSE",,"448",,,,"15/15/15",,,,"50",,,,"2373",,,,"Volt Switch, Foul Play, Discharge",,,"100;101","101"
"101","Electrode (Hisuian)","Voltorb","FALSE",,"367",,,,"15/15/15",,,,"50",,,,"2430",,,,"Thunder Shock, Wild Charge, Energy Ball",,,"100;101","101"
"101","Electrode (Shadow)","Voltorb","TRUE",,"443",,,,"15/15/15",,,,"50",,,,"2373",,,,"Volt Switch, Foul Play, Discharge",,,"100;101","101"
"103","Exeggutor","Exeggcute","FALSE",,"246",,,,"15/15/15",,,,"50",,,,"3408",,,,"Confusion, Seed Bomb, Psychic",,,"102;103","103"
"103","Exeggutor (Alolan)","Exeggcute","FALSE",,"179",,,,"15/15/15",,,,"50",,,,"3407",,,,"Dragon Tail, Seed Bomb, Draco Meteor",,,"102;103","103"
"103","Exeggutor (Alolan) (Shadow)","Exeggcute","TRUE",,"190",,,,"15/15/15",,,,"50",,,,"3407",,,,"Dragon Tail, Seed Bomb, Draco Meteor",,,"102;103","103"
"103","Exeggutor (Shadow)","Exeggcute","TRUE",,"219",,,,"15/15/15",,,,"50",,,,"3408",,,,"Bullet Seed, Seed Bomb, Psychic",,,"102;103","103"
"106","Hitmonlee","Hitmonlee","FALSE",,"285",,,,"15/15/15",,,,"50",,,,"2912",,,,"Double Kick, Close Combat, Blaze Kick",,,"106;236","106;236"
"106","Hitmonlee (Shadow)","Hitmonlee","TRUE",,"264",,,,"15/15/15",,,,"50",,,,"2912",,,,"Double Kick, Close Combat, Blaze Kick",,,"106;236","106;236"
"107","Hitmonchan","Hitmonchan","FALSE",,"369",,,,"15/15/15",,,,"50",,,,"2636",,,,"Counter, Close Combat, Ice Punch",,,"107;236","107;236"
"107","Hitmonchan (Shadow)","Hitmonchan","TRUE",,"376",,,,"15/15/15",,,,"50",,,,"2636",,,,"Counter, Close Combat, Ice Punch",,,"107;236","107;236"
"110","Weezing","Koffing","FALSE",,"473",,,,"15/15/15",,,,"50",,,,"2592",,,,"Infestation, Shadow Ball, Sludge Bomb",,,"109;110","110"
"110","Weezing (Galarian)","Koffing","FALSE",,"232",,,,"15/15/15",,,,"50",,,,"2592",,,,"Fairy Wind, Brutal Swing, Sludge",,,"109;110","110"
"110","Weezing (Galarian) (Shadow)","Koffing","TRUE",,"188",,,,"15/15/15",,,,"50",,,,"2592",,,,"Fairy Wind, Brutal Swing, Sludge",,,"109;110","110"
"110","Weezing (Shadow)","Koffing","TRUE",,"487",,,,"15/15/15",,,,"50",,,,"2592",,,,"Infestation, Shadow Ball, Sludge Bomb",,,"109;110","110"
"112","Rhydon","Rhyhorn","FALSE",,"91",,,,"15/15/15",,,,"50",,,,"3594",,,,"Mud Slap, Breaking Swipe, Stone Edge",,,"111;112;464","112;464"
"112","Rhydon (Shadow)","Rhyhorn","TRUE",,"85",,,,"15/15/15",,,,"50",,,,"3594",,,,"Mud Slap, Breaking Swipe, Stone Edge",,,"111;112;464","112;464"
"114","Tangela","Tangela","FALSE",,"395",,,,"15/15/15",,,,"50",,,,"2530",,,,"Vine Whip, Grass Knot, Sludge Bomb",,,"114;465","114;465"
"114","Tangela (Shadow)","Tangela","TRUE",,"407",,,,"15/15/15",,,,"50",,,,"2530",,,,"Vine Whip, Grass Knot, Sludge Bomb",,,"114;465","114;465"
"115","Kangaskhan","Kangaskhan","FALSE",,"231",,,,"15/15/15",,,,"50",,,,"2924",,,,"Mud Slap, Crunch, Stomp",,,"115","115"
"119","Seaking","Goldeen","FALSE",,"384",,,,"15/15/15",,,,"50",,,,"2444",,,,"Poison Jab, Drill Run, Icy Wind",,,"118;119","119"
"121","Starmie","Staryu","FALSE",,"430",,,,"15/15/15",,,,"50",,,,"2922",,,,"Quick Attack, Ice Beam, Hydro Pump",,,"120;121","121"
"122","Mr. Mime","Mr-mime","FALSE",,"495",,,,"15/15/15",,,,"50",,,,"2518",,,,"Confusion, Shadow Ball, Psychic",,,"122;439;866","122;439;866"
"123","Scyther","Scyther","FALSE",,"312",,,,"15/15/15",,,,"50",,,,"3060",,,,"Fury Cutter, Night Slash, X-Scissor",,,"123;212","123;212"
"123","Scyther (Shadow)","Scyther","TRUE",,"237",,,,"15/15/15",,,,"50",,,,"3060",,,,"Fury Cutter, Night Slash, X-Scissor",,,"123;212","123;212"
"124","Jynx","Jynx","FALSE",,"460",,,,"15/15/15",,,,"50",,,,"2888",,,,"Confusion, Avalanche, Ice Punch",,,"124;238","124;238"
"125","Electabuzz","Electabuzz","FALSE",,"438",,,,"15/15/15",,,,"50",,,,"2639",,,,"Thunder Shock, Thunder Punch, Return",,,"125;239;466","125;239;466"
"125","Electabuzz (Shadow)","Electabuzz","TRUE",,"387",,,,"15/15/15",,,,"50",,,,"2639",,,,"Thunder Shock, Thunder Punch, Thunderbolt",,,"125;239;466","125;239;466"
"126","Magmar","Magmar","FALSE",,"347",,,,"15/15/15",,,,"50",,,,"2706",,,,"Karate Chop, Fire Punch, Scorching Sands",,,"126;240;467","126;240;467"
"126","Magmar (Shadow)","Magmar","TRUE",,"311",,,,"15/15/15",,,,"50",,,,"2706",,,,"Karate Chop, Fire Punch, Scorching Sands",,,"126;240;467","126;240;467"
"127","Pinsir","Pinsir","FALSE",,"168",,,,"15/15/15",,,,"50",,,,"3345",,,,"Fury Cutter, Close Combat, X-Scissor",,,"127","127"
"127","Pinsir (Shadow)","Pinsir","TRUE",,"139",,,,"15/15/15",,,,"50",,,,"3345",,,,"Fury Cutter, Close Combat, X-Scissor",,,"127","127"
"128","Tauros","Tauros","FALSE",,"326",,,,"15/15/15",,,,"50",,,,"2962",,,,"Tackle, Horn Attack, Trailblaze",,,"128","128"
"130","Gyarados","Magikarp","FALSE",,"6",,,,"15/15/15",,,,"50",,,,"3834",,,,"Dragon Breath, Aqua Tail, Crunch",,,"129;130","130"
"130","Gyarados (Shadow)","Magikarp","TRUE",,"5",,,,"15/15/15",,,,"50",,,,"3834",,,,"Dragon Breath, Aqua Tail, Crunch",,,"129;130","130"
"131","Lapras","Lapras","FALSE",,"113",,,,"15/15/15",,,,"50",,,,"2985",,,,"Ice Shard, Surf, Ice Beam",,,"131","131"
"131","Lapras (Shadow)","Lapras","TRUE",,"143",,,,"15/15/15",,,,"50",,,,"2985",,,,"Ice Shard, Surf, Ice Beam",,,"131","131"
"134","Vaporeon","Eevee","FALSE",,"43",,,,"15/15/15",,,,"50",,,,"3521",,,,"Water Gun, Aqua Tail, Scald",,,"133;134","134"
"135","Jolteon","Eevee","FALSE",,"220",,,,"15/15/15",,,,"50",,,,"3265",,,,"Volt Switch, Discharge, Last Resort",,,"133;135","135"
"136","Flareon","Eevee","FALSE",,"165",,,,"15/15/15",,,,"50",,,,"3424",,,,"Fire Spin, Superpower, Flamethrower",,,"133;136","136"
"139","Omastar","Omanyte","FALSE",,"352",,,,"15/15/15",,,,"50",,,,"3150",,,,"Mud Shot, Rock Slide, Rock Blast",,,"138;139","139"
"139","Omastar (Shadow)","Omanyte","TRUE",,"325",,,,"15/15/15",,,,"50",,,,"3150",,,,"Mud Shot, Rock Slide, Rock Blast",,,"138;139","139"
"141","Kabutops","Kabuto","FALSE",,"378",,,,"15/15/15",,,,"50",,,,"3067",,,,"Mud Shot, Stone Edge, Ancient Power",,,"140;141","141"
"142","Aerodactyl","Aerodactyl","FALSE",,"412",,,,"15/15/15",,,,"50",,,,"3147",,,,"Steel Wing, Rock Slide, Earth Power",,,"142","142"
"142","Aerodactyl (Shadow)","Aerodactyl","TRUE",,"441",,,,"15/15/15",,,,"50",,,,"3147",,,,"Steel Wing, Rock Slide, Earth Power",,,"142","142"
"143","Snorlax","Snorlax","FALSE",,"48",,,,"15/15/15",,,,"50",,,,"3647",,,,"Lick, Body Slam, Superpower",,,"143;446","143;446"
"143","Snorlax (Shadow)","Snorlax","TRUE",,"34",,,,"15/15/15",,,,"50",,,,"3647",,,,"Lick, Body Slam, Superpower",,,"143;446","143;446"
"149","Dragonite","Dratini","FALSE",,"3",,,,"15/15/15",,,,"50",,,,"4287",,,,"Dragon Breath, Dragon Claw, Superpower",,,"147;148;149","149"
"149","Dragonite (Shadow)","Dratini","TRUE",,"4",,,,"15/15/15",,,,"50",,,,"4287",,,,"Dragon Breath, Dragon Claw, Superpower",,,"147;148;149","149"
"154","Meganium","Chikorita","FALSE",,"127",,,,"15/15/15",,,,"50",,,,"2725",,,,"Vine Whip, Frenzy Plant, Earthquake",,,"152;153;154","154"
"154","Meganium (Shadow)","Chikorita","TRUE",,"146",,,,"15/15/15",,,,"50",,,,"2725",,,,"Vine Whip, Frenzy Plant, Earthquake",,,"152;153;154","154"
"157","Typhlosion","Cyndaquil","FALSE",,"92",,,,"15/15/15",,,,"50",,,,"3266",,,,"Incinerate, Blast Burn, Thunder Punch",,,"155;156;157","157"
"157","Typhlosion (Hisuian)","Cyndaquil","FALSE",,"151",,,,"15/15/15",,,,"50",,,,"3385",,,,"Hex, Shadow Ball, Fire Punch",,,"155;156;157","157"
"157","Typhlosion (Shadow)","Cyndaquil","TRUE",,"98",,,,"15/15/15",,,,"50",,,,"3266",,,,"Incinerate, Blast Burn, Thunder Punch",,,"155;156;157","157"
"160","Feraligatr","Totodile","FALSE",,"8",,,,"15/15/15",,,,"50",,,,"3230",,,,"Shadow Claw, Hydro Cannon, Ice Beam",,,"158;159;160","160"
"160","Feraligatr (Shadow)","Totodile","TRUE",,"11",,,,"15/15/15",,,,"50",,,,"3230",,,,"Shadow Claw, Hydro Cannon, Ice Beam",,,"158;159;160","160"
"164","Noctowl","Hoothoot","FALSE",,"462",,,,"15/15/15",,,,"50",,,,"2288",,,,"Wing Attack, Sky Attack, Shadow Ball",,,"163;164","164"
"169","Crobat","Zubat","FALSE",,"267",,,,"15/15/15",,,,"50",,,,"2992",,,,"Air Slash, Cross Poison, Shadow Ball",,,"41;42;169","169"
"169","Crobat (Shadow)","Zubat","TRUE",,"240",,,,"15/15/15",,,,"50",,,,"2992",,,,"Air Slash, Cross Poison, Shadow Ball",,,"41;42;169","169"
"171","Lanturn","Chinchou","FALSE",,"329",,,,"15/15/15",,,,"50",,,,"2357",,,,"Spark, Surf, Thunderbolt",,,"170;171","171"
"178","Xatu","Natu","FALSE",,"498",,,,"15/15/15",,,,"50",,,,"2474",,,,"Air Slash, Aerial Ace, Future Sight",,,"177;178","178"
"178","Xatu (Shadow)","Natu","TRUE",,"497",,,,"15/15/15",,,,"50",,,,"2474",,,,"Air Slash, Aerial Ace, Future Sight",,,"177;178","178"
"181","Ampharos","Mareep","FALSE",,"116",,,,"15/15/15",,,,"50",,,,"3225",,,,"Volt Switch, Brutal Swing, Thunder Punch",,,"179;180;181","181"
"181","Ampharos (Shadow)","Mareep","TRUE",,"117",,,,"15/15/15",,,,"50",,,,"3225",,,,"Volt Switch, Brutal Swing, Thunder Punch",,,"179;180;181","181"
"182","Bellossom","Bellossom","FALSE",,"309",,,,"15/15/15",,,,"50",,,,"2578",,,,"Bullet Seed, Leaf Blade, Dazzling Gleam",,,"43;44;182","182"
"182","Bellossom (Shadow)","Bellossom","TRUE",,"276",,,,"15/15/15",,,,"50",,,,"2578",,,,"Bullet Seed, Leaf Blade, Dazzling Gleam",,,"43;44;182","182"
"185","Sudowoodo","Sudowoodo","FALSE",,"471",,,,"15/15/15",,,,"50",,,,"2428",,,,"Counter, Meteor Beam, Rock Slide",,,"185;438","185;438"
"185","Sudowoodo (Shadow)","Sudowoodo","TRUE",,"491",,,,"15/15/15",,,,"50",,,,"2428",,,,"Counter, Meteor Beam, Rock Slide",,,"185;438","185;438"
"186","Politoed","Politoed","FALSE",,"224",,,,"15/15/15",,,,"50",,,,"2769",,,,"Mud Shot, Weather Ball (Water), Ice Beam",,,"60;61;186","186"
"186","Politoed (Shadow)","Politoed","TRUE",,"212",,,,"15/15/15",,,,"50",,,,"2769",,,,"Mud Shot, Weather Ball (Water), Ice Beam",,,"60;61;186","186"
"195","Quagsire","Wooper","FALSE",,"408",,,,"15/15/15",,,,"50",,,,"2252",,,,"Mud Shot, Aqua Tail, Mud Bomb",,,"194;195","195"
"195","Quagsire (Shadow)","Wooper","TRUE",,"392",,,,"15/15/15",,,,"50",,,,"2252",,,,"Mud Shot, Aqua Tail, Mud Bomb",,,"194;195","195"
"196","Espeon","Eevee","FALSE",,"144",,,,"15/15/15",,,,"50",,,,"3583",,,,"Confusion, Psychic Fangs, Shadow Ball",,,"133;196","196"
"197","Umbreon","Eevee","FALSE",,"358",,,,"15/15/15",,,,"50",,,,"2416",,,,"Snarl, Foul Play, Last Resort",,,"133;197","197"
"199","Slowking","Slowpoke","FALSE",,"288",,,,"15/15/15",,,,"50",,,,"2877",,,,"Confusion, Surf, Scald",,,"79;199","199"
"199","Slowking (Galarian)","Slowpoke","FALSE",,"238",,,,"15/15/15",,,,"50",,,,"3072",,,,"Confusion, Surf, Shadow Ball",,,"79;199","199"
"199","Slowking (Shadow)","Slowpoke","TRUE",,"308",,,,"15/15/15",,,,"50",,,,"2877",,,,"Confusion, Surf, Scald",,,"79;199","199"
"205","Forretress","Pineco","FALSE",,"341",,,,"15/15/15",,,,"50",,,,"2580",,,,"Bug Bite, Mirror Shot, Heavy Slam",,,"204;205","205"
"205","Forretress (Shadow)","Pineco","TRUE",,"323",,,,"15/15/15",,,,"50",,,,"2580",,,,"Bug Bite, Mirror Shot, Heavy Slam",,,"204;205","205"
"208","Steelix","Onix","FALSE",,"248",,,,"15/15/15",,,,"50",,,,"2729",,,,"Dragon Tail, Breaking Swipe, Crunch",,,"95;208","208"
"208","Steelix (Shadow)","Onix","TRUE",,"245",,,,"15/15/15",,,,"50",,,,"2729",,,,"Dragon Tail, Breaking Swipe, Crunch",,,"95;208","208"
"210","Granbull","Snubbull","FALSE",,"322",,,,"15/15/15",,,,"50",,,,"2885",,,,"Snarl, Close Combat, Crunch",,,"209;210","210"
"210","Granbull (Shadow)","Snubbull","TRUE",,"281",,,,"15/15/15",,,,"50",,,,"2885",,,,"Snarl, Close Combat, Crunch",,,"209;210","210"
"212","Scizor","Scyther","FALSE",,"121",,,,"15/15/15",,,,"50",,,,"3393",,,,"Fury Cutter, Night Slash, X-Scissor",,,"123;212","212"
"212","Scizor (Shadow)","Scyther","TRUE",,"84",,,,"15/15/15",,,,"50",,,,"3393",,,,"Bullet Punch, Night Slash, Iron Head",,,"123;212","212"
"214","Heracross","Heracross","FALSE",,"97",,,,"15/15/15",,,,"50",,,,"3506",,,,"Counter, Close Combat, Rock Blast",,,"214","214"
"217","Ursaring","Teddiursa","FALSE",,"100",,,,"15/15/15",,,,"50",,,,"3329",,,,"Shadow Claw, Close Combat, Trailblaze",,,"216;217;901","217;901"
"217","Ursaring (Shadow)","Teddiursa","TRUE",,"96",,,,"15/15/15",,,,"50",,,,"3329",,,,"Shadow Claw, Close Combat, Trailblaze",,,"216;217;901","217;901"
"221","Piloswine","Swinub","FALSE",,"227",,,,"15/15/15",,,,"50",,,,"2652",,,,"Powder Snow, Avalanche, High Horsepower",,,"220;221;473","221;473"
"221","Piloswine (Shadow)","Swinub","TRUE",,"272",,,,"15/15/15",,,,"50",,,,"2652",,,,"Powder Snow, Avalanche, High Horsepower",,,"220;221;473","221;473"
"224","Octillery","Remoraid","FALSE",,"489",,,,"15/15/15",,,,"50",,,,"2617",,,,"Lock On, Water Pulse, Octazooka",,,"223;224","224"
"226","Mantine","Mantine","FALSE",,"396",,,,"15/15/15",,,,"50",,,,"2383",,,,"Wing Attack, Aerial Ace, Ice Beam",,,"226;458","226;458"
"227","Skarmory","Skarmory","FALSE",,"336",,,,"15/15/15",,,,"50",,,,"2383",,,,"Steel Wing, Brave Bird, Sky Attack",,,"227","227"
"227","Skarmory (Shadow)","Skarmory","TRUE",,"348",,,,"15/15/15",,,,"50",,,,"2383",,,,"Steel Wing, Brave Bird, Sky Attack",,,"227","227"
"229","Houndoom","Houndour","FALSE",,"371",,,,"15/15/15",,,,"50",,,,"2979",,,,"Snarl, Crunch, Flamethrower",,,"228;229","229"
"229","Houndoom (Shadow)","Houndour","TRUE",,"344",,,,"15/15/15",,,,"50",,,,"2979",,,,"Snarl, Crunch, Flamethrower",,,"228;229","229"
"230","Kingdra","Horsea","FALSE",,"233",,,,"15/15/15",,,,"50",,,,"2986",,,,"Dragon Breath, Outrage, Octazooka",,,"116;117;230","230"
"230","Kingdra (Shadow)","Horsea","TRUE",,"297",,,,"15/15/15",,,,"50",,,,"2986",,,,"Dragon Breath, Outrage, Octazooka",,,"116;117;230","230"
"232","Donphan","Phanpy","FALSE",,"53",,,,"15/15/15",,,,"50",,,,"3407",,,,"Mud Slap, Body Slam, Trailblaze",,,"231;232","232"
"232","Donphan (Shadow)","Phanpy","TRUE",,"58",,,,"15/15/15",,,,"50",,,,"3407",,,,"Mud Slap, Body Slam, Trailblaze",,,"231;232","232"
"233","Porygon2","Porygon","FALSE",,"256",,,,"15/15/15",,,,"50",,,,"3065",,,,"Lock On, Tri Attack, Return",,,"137;233;474","233;474"
"233","Porygon2 (Shadow)","Porygon","TRUE",,"273",,,,"15/15/15",,,,"50",,,,"3065",,,,"Lock On, Tri Attack, Zap Cannon",,,"137;233;474","233;474"
"237","Hitmontop","Hitmonlee","FALSE",,"353",,,,"15/15/15",,,,"50",,,,"2438",,,,"Counter, Close Combat, Triple Axel",,,"106;236","237"
"237","Hitmontop (Shadow)","Hitmonlee","TRUE",,"377",,,,"15/15/15",,,,"50",,,,"2438",,,,"Counter, Close Combat, Triple Axel",,,"106;236","237"
"241","Miltank","Miltank","FALSE",,"242",,,,"15/15/15",,,,"50",,,,"2662",,,,"Rollout, Body Slam, Ice Beam",,,"241","241"
"242","Blissey","Chansey","FALSE",,"265",,,,"15/15/15",,,,"50",,,,"3117",,,,"Zen Headbutt, Wild Charge, Hyper Beam",,,"113;242;440","242;440"
"248","Tyranitar","Larvitar","FALSE",,"79",,,,"15/15/15",,,,"50",,,,"4335",,,,"Smack Down, Brutal Swing, Stone Edge",,,"246;247;248","248"
"248","Tyranitar (Shadow)","Larvitar","TRUE",,"74",,,,"15/15/15",,,,"50",,,,"4335",,,,"Smack Down, Brutal Swing, Stone Edge",,,"246;247;248","248"
"254","Sceptile","Treecko","FALSE",,"178",,,,"15/15/15",,,,"50",,,,"3117",,,,"Bullet Seed, Leaf Blade, Breaking Swipe",,,"252;253;254","254"
"254","Sceptile (Shadow)","Treecko","TRUE",,"166",,,,"15/15/15",,,,"50",,,,"3117",,,,"Bullet Seed, Leaf Blade, Breaking Swipe",,,"252;253;254","254"
"257","Blaziken","Torchic","FALSE",,"193",,,,"15/15/15",,,,"50",,,,"3219",,,,"Counter, Blaze Kick, Blast Burn",,,"255;256;257","257"
"257","Blaziken (Shadow)","Torchic","TRUE",,"204",,,,"15/15/15",,,,"50",,,,"3219",,,,"Counter, Blast Burn, Blaze Kick",,,"255;256;257","257"
"260","Swampert","Mudkip","FALSE",,"42",,,,"15/15/15",,,,"50",,,,"3362",,,,"Mud Shot, Hydro Cannon, Sludge Wave",,,"258;259;260","260"
"260","Swampert (Shadow)","Mudkip","TRUE",,"37",,,,"15/15/15",,,,"50",,,,"3362",,,,"Mud Shot, Hydro Cannon, Sludge Wave",,,"258;259;260","260"
"272","Ludicolo","Lotad","FALSE",,"365",,,,"15/15/15",,,,"50",,,,"2626",,,,"Bubble, Scald, Ice Beam",,,"270;271;272","272"
"275","Shiftry","Seedot","FALSE",,"304",,,,"15/15/15",,,,"50",,,,"2637",,,,"Snarl, Leaf Blade, Foul Play",,,"273;274;275","275"
"275","Shiftry (Shadow)","Seedot","TRUE",,"269",,,,"15/15/15",,,,"50",,,,"2637",,,,"Snarl, Leaf Blade, Foul Play",,,"273;274;275","275"
"279","Pelipper","Wingull","FALSE",,"406",,,,"15/15/15",,,,"50",,,,"2404",,,,"Wing Attack, Weather Ball (Water), Hurricane",,,"278;279","279"
"282","Gardevoir","Ralts","FALSE",,"99",,,,"15/15/15",,,,"50",,,,"3497",,,,"Charm, Triple Axel, Shadow Ball",,,"280;281;282","282"
"282","Gardevoir (Shadow)","Ralts","TRUE",,"87",,,,"15/15/15",,,,"50",,,,"3497",,,,"Charm, Triple Axel, Shadow Ball",,,"280;281;282","282"
"284","Masquerain","Surskit","FALSE",,"450",,,,"15/15/15",,,,"50",,,,"2567",,,,"Air Slash, Lunge, Ominous Wind",,,"283;284","284"
"286","Breloom","Shroomish","FALSE",,"409",,,,"15/15/15",,,,"50",,,,"2971",,,,"Counter, Dynamic Punch, Grass Knot",,,"285;286","286"
"289","Slaking","Slakoth","FALSE",,"419",,,,"15/15/15",,,,"50",,,,"5010",,,,"Yawn, Body Slam, Earthquake",,,"287;288;289","289"
"295","Exploud","Whismur","FALSE",,"424",,,,"15/15/15",,,,"50",,,,"2654",,,,"Astonish, Crunch, Disarming Voice",,,"293;294;295","295"
"295","Exploud (Shadow)","Whismur","TRUE",,"410",,,,"15/15/15",,,,"50",,,,"2654",,,,"Astonish, Crunch, Disarming Voice",,,"293;294;295","295"
"297","Hariyama","Makuhita","FALSE",,"171",,,,"15/15/15",,,,"50",,,,"3198",,,,"Counter, Close Combat, Heavy Slam",,,"296;297","297"
"297","Hariyama (Shadow)","Makuhita","TRUE",,"160",,,,"15/15/15",,,,"50",,,,"3198",,,,"Counter, Close Combat, Superpower",,,"296;297","297"
"305","Lairon","Aron","FALSE",,"482",,,,"15/15/15",,,,"50",,,,"2324",,,,"Metal Claw, Rock Slide, Body Slam",,,"304;305;306","305;306"
"305","Lairon (Shadow)","Aron","TRUE",,"469",,,,"15/15/15",,,,"50",,,,"2324",,,,"Metal Claw, Rock Slide, Body Slam",,,"304;305;306","305;306"
"306","Aggron","Aron","FALSE",,"223",,,,"15/15/15",,,,"50",,,,"3391",,,,"Dragon Tail, Meteor Beam, Stone Edge",,,"304;305;306","306"
"306","Aggron (Shadow)","Aron","TRUE",,"249",,,,"15/15/15",,,,"50",,,,"3391",,,,"Dragon Tail, Meteor Beam, Stone Edge",,,"304;305;306","306"
"310","Manectric","Electrike","FALSE",,"393",,,,"15/15/15",,,,"50",,,,"2646",,,,"Snarl, Wild Charge, Psychic Fangs",,,"309;310","310"
"310","Manectric (Shadow)","Electrike","TRUE",,"390",,,,"15/15/15",,,,"50",,,,"2646",,,,"Snarl, Wild Charge, Psychic Fangs",,,"309;310","310"
"317","Swalot","Gulpin","FALSE",,"465",,,,"15/15/15",,,,"50",,,,"2236",,,,"Mud Shot, Ice Beam, Sludge Bomb",,,"316;317","317"
"321","Wailord","Wailmer","FALSE",,"372",,,,"15/15/15",,,,"50",,,,"2577",,,,"Water Gun, Surf, Scald",,,"320;321","321"
"321","Wailord (Shadow)","Wailmer","TRUE",,"404",,,,"15/15/15",,,,"50",,,,"2577",,,,"Water Gun, Surf, Scald",,,"320;321","321"
"324","Torkoal","Torkoal","FALSE",,"447",,,,"15/15/15",,,,"50",,,,"2366",,,,"Fire Spin, Overheat, Earthquake",,,"324","324"
"326","Grumpig","Spoink","FALSE",,"472",,,,"15/15/15",,,,"50",,,,"2679",,,,"Extrasensory, Shadow Ball, Psychic",,,"325;326","326"
"326","Grumpig (Shadow)","Spoink","TRUE",,"492",,,,"15/15/15",,,,"50",,,,"2679",,,,"Extrasensory, Shadow Ball, Psychic",,,"325;326","326"
"330","Flygon","Trapinch","FALSE",,"241",,,,"15/15/15",,,,"50",,,,"3008",,,,"Mud Shot, Dragon Claw, Scorching Sands",,,"328;329;330","330"
"330","Flygon (Shadow)","Trapinch","TRUE",,"198",,,,"15/15/15",,,,"50",,,,"3008",,,,"Mud Shot, Dragon Claw, Scorching Sands",,,"328;329;330","330"
"334","Altaria","Swablu","FALSE",,"417",,,,"15/15/15",,,,"50",,,,"2266",,,,"Dragon Breath, Sky Attack, Moonblast",,,"333;334","334"
"335","Zangoose","Zangoose","FALSE",,"310",,,,"15/15/15",,,,"50",,,,"2733",,,,"Shadow Claw, Close Combat, Night Slash",,,"335","335"
"337","Lunatone","Lunatone","FALSE",,"483",,,,"15/15/15",,,,"50",,,,"2631",,,,"Confusion, Rock Slide, Moonblast",,,"337","337"
"338","Solrock","Solrock","FALSE",,"486",,,,"15/15/15",,,,"50",,,,"2631",,,,"Confusion, Rock Slide, Psychic",,,"338","338"
"340","Whiscash","Barboach","FALSE",,"360",,,,"15/15/15",,,,"50",,,,"2346",,,,"Mud Shot, Mud Bomb, Scald",,,"339;340","340"
"340","Whiscash (Shadow)","Barboach","TRUE",,"355",,,,"15/15/15",,,,"50",,,,"2346",,,,"Mud Shot, Mud Bomb, Scald",,,"339;340","340"
"342","Crawdaunt","Corphish","FALSE",,"335",,,,"15/15/15",,,,"50",,,,"2797",,,,"Snarl, Night Slash, Scald",,,"341;342","342"
"342","Crawdaunt (Shadow)","Corphish","TRUE",,"296",,,,"15/15/15",,,,"50",,,,"2797",,,,"Snarl, Night Slash, Scald",,,"341;342","342"
"344","Claydol","Baltoy","FALSE",,"425",,,,"15/15/15",,,,"50",,,,"2229",,,,"Mud Slap, Scorching Sands, Ice Beam",,,"343;344","344"
"346","Cradily","Lileep","FALSE",,"356",,,,"15/15/15",,,,"50",,,,"2499",,,,"Bullet Seed, Rock Slide, Grass Knot",,,"345;346","346"
"346","Cradily (Shadow)","Lileep","TRUE",,"359",,,,"15/15/15",,,,"50",,,,"2499",,,,"Bullet Seed, Rock Slide, Grass Knot",,,"345;346","346"
"348","Armaldo","Anorith","FALSE",,"299",,,,"15/15/15",,,,"50",,,,"3220",,,,"Fury Cutter, Rock Blast, Liquidation",,,"347;348","348"
"348","Armaldo (Shadow)","Anorith","TRUE",,"243",,,,"15/15/15",,,,"50",,,,"3220",,,,"Fury Cutter, Rock Blast, Liquidation",,,"347;348","348"
"350","Milotic","Feebas","FALSE",,"68",,,,"15/15/15",,,,"50",,,,"3398",,,,"Dragon Tail, Surf, Blizzard",,,"349;350","350"
"352","Kecleon","Kecleon","FALSE",,"463",,,,"15/15/15",,,,"50",,,,"2314",,,,"Sucker Punch, Foul Play, Ice Beam",,,"352","352"
"357","Tropius","Tropius","FALSE",,"416",,,,"15/15/15",,,,"50",,,,"2194",,,,"Air Slash, Leaf Blade, Aerial Ace",,,"357","357"
"358","Chimecho","Chimecho","FALSE",,"429",,,,"15/15/15",,,,"50",,,,"2554",,,,"Astonish, Psyshock, Shadow Ball",,,"358;433","358;433"
"359","Absol","Absol","FALSE",,"461",,,,"15/15/15",,,,"50",,,,"2856",,,,"Snarl, Dark Pulse, Megahorn",,,"359","359"
"359","Absol (Shadow)","Absol","TRUE",,"436",,,,"15/15/15",,,,"50",,,,"2856",,,,"Snarl, Dark Pulse, Megahorn",,,"359","359"
"362","Glalie","Snorunt","FALSE",,"434",,,,"15/15/15",,,,"50",,,,"2380",,,,"Ice Shard, Avalanche, Shadow Ball",,,"361;362","362"
"362","Glalie (Shadow)","Snorunt","TRUE",,"440",,,,"15/15/15",,,,"50",,,,"2380",,,,"Ice Shard, Avalanche, Shadow Ball",,,"361;362","362"
"365","Walrein","Spheal","FALSE",,"54",,,,"15/15/15",,,,"50",,,,"3081",,,,"Powder Snow, Icicle Spear, Earthquake",,,"363;364;365","365"
"365","Walrein (Shadow)","Spheal","TRUE",,"61",,,,"15/15/15",,,,"50",,,,"3081",,,,"Powder Snow, Icicle Spear, Earthquake",,,"363;364;365","365"
"367","Huntail","Clamperl","FALSE",,"381",,,,"15/15/15",,,,"50",,,,"2645",,,,"Water Gun, Aqua Tail, Crunch",,,"366;367","367"
"368","Gorebyss","Gorebyss","FALSE",,"476",,,,"15/15/15",,,,"50",,,,"2820",,,,"Water Gun, Water Pulse, Psychic",,,"366;368","368"
"369","Relicanth","Relicanth","FALSE",,"184",,,,"15/15/15",,,,"50",,,,"2858",,,,"Water Gun, Aqua Tail, Ancient Power",,,"369","369"
"373","Salamence","Bagon","FALSE",,"38",,,,"15/15/15",,,,"50",,,,"4239",,,,"Dragon Tail, Outrage, Fly",,,"371;372;373","373"
"373","Salamence (Shadow)","Bagon","TRUE",,"35",,,,"15/15/15",,,,"50",,,,"4239",,,,"Dragon Tail, Outrage, Fly",,,"371;372;373","373"
"376","Metagross","Beldum","FALSE",,"22",,,,"15/15/15",,,,"50",,,,"4286",,,,"Bullet Punch, Meteor Mash, Earthquake",,,"374;375;376","376"
"376","Metagross (Shadow)","Beldum","TRUE",,"32",,,,"15/15/15",,,,"50",,,,"4286",,,,"Bullet Punch, Meteor Mash, Earthquake",,,"374;375;376","376"
"389","Torterra","Turtwig","FALSE",,"206",,,,"15/15/15",,,,"50",,,,"3318",,,,"Razor Leaf, Frenzy Plant, Stone Edge",,,"387;388;389","389"
"389","Torterra (Shadow)","Turtwig","TRUE",,"216",,,,"15/15/15",,,,"50",,,,"3318",,,,"Razor Leaf, Frenzy Plant, Stone Edge",,,"387;388;389","389"
"392","Infernape","Chimchar","FALSE",,"230",,,,"15/15/15",,,,"50",,,,"3033",,,,"Fire Spin, Close Combat, Blast Burn",,,"390;391;392","392"
"392","Infernape (Shadow)","Chimchar","TRUE",,"287",,,,"15/15/15",,,,"50",,,,"3033",,,,"Fire Spin, Close Combat, Blast Burn",,,"390;391;392","392"
"395","Empoleon","Piplup","FALSE",,"77",,,,"15/15/15",,,,"50",,,,"3279",,,,"Steel Wing, Hydro Cannon, Drill Peck",,,"393;394;395","395"
"395","Empoleon (Shadow)","Piplup","TRUE",,"71",,,,"15/15/15",,,,"50",,,,"3279",,,,"Steel Wing, Hydro Cannon, Drill Peck",,,"393;394;395","395"
"398","Staraptor","Starly","FALSE",,"321",,,,"15/15/15",,,,"50",,,,"3194",,,,"Wing Attack, Brave Bird, Close Combat",,,"396;397;398","398"
"398","Staraptor (Shadow)","Starly","TRUE",,"357",,,,"15/15/15",,,,"50",,,,"3194",,,,"Wing Attack, Brave Bird, Close Combat",,,"396;397;398","398"
"405","Luxray","Shinx","FALSE",,"182",,,,"15/15/15",,,,"50",,,,"3265",,,,"Spark, Wild Charge, Crunch",,,"403;404;405","405"
"405","Luxray (Shadow)","Shinx","TRUE",,"197",,,,"15/15/15",,,,"50",,,,"3265",,,,"Spark, Wild Charge, Crunch",,,"403;404;405","405"
"407","Roserade","Roselia","FALSE",,"66",,,,"15/15/15",,,,"50",,,,"3359",,,,"Poison Jab, Weather Ball (Fire), Leaf Storm",,,"315;406;407","406;407"
"409","Rampardos","Cranidos","FALSE",,"415",,,,"15/15/15",,,,"50",,,,"3728",,,,"Smack Down, Rock Slide, Flamethrower",,,"408;409","409"
"409","Rampardos (Shadow)","Cranidos","TRUE",,"361",,,,"15/15/15",,,,"50",,,,"3728",,,,"Smack Down, Rock Slide, Flamethrower",,,"408;409","409"
"416","Vespiquen","Combee","FALSE",,"442",,,,"15/15/15",,,,"50",,,,"2267",,,,"Fury Cutter, X-Scissor, Power Gem",,,"415;416","416"
"419","Floatzel","Buizel","FALSE",,"399",,,,"15/15/15",,,,"50",,,,"2762",,,,"Waterfall, Liquidation, Swift",,,"418;419","419"
"423","Gastrodon","Shellos","FALSE",,"175",,,,"15/15/15",,,,"50",,,,"2628",,,,"Mud Slap, Body Slam, Earth Power",,,"422;423","423"
"424","Ambipom","Aipom","FALSE",,"420",,,,"15/15/15",,,,"50",,,,"2733",,,,"Astonish, Aerial Ace, Return",,,"190;424","424"
"424","Ambipom (Shadow)","Aipom","TRUE",,"413",,,,"15/15/15",,,,"50",,,,"2733",,,,"Astonish, Aerial Ace, Low Sweep",,,"190;424","424"
"426","Drifblim","Drifloon","FALSE",,"149",,,,"15/15/15",,,,"50",,,,"2693",,,,"Astonish, Icy Wind, Shadow Ball",,,"425;426","426"
"426","Drifblim (Shadow)","Drifloon","TRUE",,"142",,,,"15/15/15",,,,"50",,,,"2693",,,,"Astonish, Icy Wind, Shadow Ball",,,"425;426","426"
"428","Lopunny","Buneary","FALSE",,"454",,,,"15/15/15",,,,"50",,,,"2328",,,,"Double Kick, Triple Axel, Fire Punch",,,"427;428","428"
"429","Mismagius","Misdreavus","FALSE",,"400",,,,"15/15/15",,,,"50",,,,"2957",,,,"Hex, Shadow Ball, Dark Pulse",,,"200;429","429"
"429","Mismagius (Shadow)","Misdreavus","TRUE",,"402",,,,"15/15/15",,,,"50",,,,"2957",,,,"Hex, Shadow Ball, Dark Pulse",,,"200;429","429"
"430","Honchkrow","Murkrow","FALSE",,"271",,,,"15/15/15",,,,"50",,,,"3065",,,,"Snarl, Brave Bird, Dark Pulse",,,"198;430","430"
"430","Honchkrow (Shadow)","Murkrow","TRUE",,"251",,,,"15/15/15",,,,"50",,,,"3065",,,,"Snarl, Brave Bird, Dark Pulse",,,"198;430","430"
"435","Skuntank","Stunky","FALSE",,"280",,,,"15/15/15",,,,"50",,,,"2666",,,,"Poison Jab, Crunch, Sludge Bomb",,,"434;435","435"
"435","Skuntank (Shadow)","Stunky","TRUE",,"255",,,,"15/15/15",,,,"50",,,,"2666",,,,"Poison Jab, Crunch, Sludge Bomb",,,"434;435","435"
"437","Bronzong","Bronzor","FALSE",,"375",,,,"15/15/15",,,,"50",,,,"2531",,,,"Confusion, Psyshock, Payback",,,"436;437","437"
"442","Spiritomb","Spiritomb","FALSE",,"397",,,,"15/15/15",,,,"50",,,,"2343",,,,"Sucker Punch, Shadow Ball, Shadow Sneak",,,"442","442"
"445","Garchomp","Gible","FALSE",,"20",,,,"15/15/15",,,,"50",,,,"4479",,,,"Mud Shot, Outrage, Earth Power",,,"443;444;445","445"
"445","Garchomp (Shadow)","Gible","TRUE",,"40",,,,"15/15/15",,,,"50",,,,"4479",,,,"Dragon Tail, Outrage, Sand Tomb",,,"443;444;445","445"
"446","Munchlax","Snorlax","FALSE",,"494",,,,"15/15/15",,,,"50",,,,"2139",,,,"Lick, Body Slam, Bulldoze",,,"143;446","446"
"448","Lucario","Riolu","FALSE",,"226",,,,"15/15/15",,,,"50",,,,"3056",,,,"Counter, Power-Up Punch, Shadow Ball",,,"447;448","448"
"450","Hippowdon","Hippopotas","FALSE",,"36",,,,"15/15/15",,,,"50",,,,"3488",,,,"Sand Attack, Weather Ball (Rock), Earth Power",,,"449;450","450"
"450","Hippowdon (Shadow)","Hippopotas","TRUE",,"27",,,,"15/15/15",,,,"50",,,,"3488",,,,"Sand Attack, Weather Ball (Rock), Earth Power",,,"449;450","450"
"452","Drapion","Skorupi","FALSE",,"181",,,,"15/15/15",,,,"50",,,,"2773",,,,"Poison Sting, Crunch, Aqua Tail",,,"451;452","452"
"452","Drapion (Shadow)","Skorupi","TRUE",,"162",,,,"15/15/15",,,,"50",,,,"2773",,,,"Poison Sting, Crunch, Aqua Tail",,,"451;452","452"
"454","Toxicroak","Croagunk","FALSE",,"315",,,,"15/15/15",,,,"50",,,,"2813",,,,"Counter, Dynamic Punch, Mud Bomb",,,"453;454","454"
"454","Toxicroak (Shadow)","Croagunk","TRUE",,"327",,,,"15/15/15",,,,"50",,,,"2813",,,,"Counter, Dynamic Punch, Mud Bomb",,,"453;454","454"
"455","Carnivine","Carnivine","FALSE",,"431",,,,"15/15/15",,,,"50",,,,"2441",,,,"Vine Whip, Crunch, Power Whip",,,"455","455"
"460","Abomasnow","Snover","FALSE",,"176",,,,"15/15/15",,,,"50",,,,"2670",,,,"Powder Snow, Weather Ball (Ice), Energy Ball",,,"459;460","460"
"460","Abomasnow (Shadow)","Snover","TRUE",,"148",,,,"15/15/15",,,,"50",,,,"2670",,,,"Powder Snow, Weather Ball (Ice), Energy Ball",,,"459;460","460"
"461","Weavile","Sneasel","FALSE",,"125",,,,"15/15/15",,,,"50",,,,"3397",,,,"Snarl, Avalanche, Focus Blast",,,"215;461","461"
"461","Weavile (Shadow)","Sneasel","TRUE",,"136",,,,"15/15/15",,,,"50",,,,"3397",,,,"Snarl, Avalanche, Focus Blast",,,"215;461","461"
"462","Magnezone","Magnemite","FALSE",,"44",,,,"15/15/15",,,,"50",,,,"3623",,,,"Volt Switch, Wild Charge, Mirror Shot",,,"81;82;462","462"
"462","Magnezone (Shadow)","Magnemite","TRUE",,"45",,,,"15/15/15",,,,"50",,,,"3623",,,,"Volt Switch, Wild Charge, Mirror Shot",,,"81;82;462","462"
"463","Lickilicky","Lickitung","FALSE",,"307",,,,"15/15/15",,,,"50",,,,"2789",,,,"Lick, Body Slam, Shadow Ball",,,"108;463","463"
"464","Rhyperior","Rhyhorn","FALSE",,"7",,,,"15/15/15",,,,"50",,,,"4221",,,,"Mud Slap, Breaking Swipe, Rock Wrecker",,,"111;112;464","464"
"464","Rhyperior (Shadow)","Rhyhorn","TRUE",,"24",,,,"15/15/15",,,,"50",,,,"4221",,,,"Mud Slap, Rock Wrecker, Breaking Swipe",,,"111;112;464","464"
"465","Tangrowth","Tangela","FALSE",,"65",,,,"15/15/15",,,,"50",,,,"3425",,,,"Vine Whip, Power Whip, Rock Slide",,,"114;465","465"
"465","Tangrowth (Shadow)","Tangela","TRUE",,"62",,,,"15/15/15",,,,"50",,,,"3425",,,,"Vine Whip, Power Whip, Rock Slide",,,"114;465","465"
"466","Electivire","Electabuzz","FALSE",,"89",,,,"15/15/15",,,,"50",,,,"3481",,,,"Thunder Shock, Wild Charge, Ice Punch",,,"125;239;466","239;466"
"466","Electivire (Shadow)","Electabuzz","TRUE",,"86",,,,"15/15/15",,,,"50",,,,"3481",,,,"Thunder Shock, Wild Charge, Ice Punch",,,"125;239;466","239;466"
"467","Magmortar","Magmar","FALSE",,"107",,,,"15/15/15",,,,"50",,,,"3541",,,,"Fire Spin, Fire Punch, Thunderbolt",,,"126;240;467","240;467"
"467","Magmortar (Shadow)","Magmar","TRUE",,"72",,,,"15/15/15",,,,"50",,,,"3541",,,,"Karate Chop, Fire Punch, Thunderbolt",,,"126;240;467","240;467"
"468","Togekiss","Togepi","FALSE",,"56",,,,"15/15/15",,,,"50",,,,"3767",,,,"Charm, Ancient Power, Flamethrower",,,"175;176;468","468"
"469","Yanmega","Yanma","FALSE",,"305",,,,"15/15/15",,,,"50",,,,"3330",,,,"Wing Attack, Aerial Ace, Ancient Power",,,"193;469","469"
"470","Leafeon","Leafeon","FALSE",,"95",,,,"15/15/15",,,,"50",,,,"3328",,,,"Quick Attack, Leaf Blade, Last Resort",,,"133;470","470"
"471","Glaceon","Glaceon","FALSE",,"108",,,,"15/15/15",,,,"50",,,,"3535",,,,"Ice Shard, Avalanche, Icy Wind",,,"133;471","471"
"472","Gliscor","Gligar","FALSE",,"158",,,,"15/15/15",,,,"50",,,,"3043",,,,"Wing Attack, Night Slash, Earthquake",,,"207;472","472"
"472","Gliscor (Shadow)","Gligar","TRUE",,"194",,,,"15/15/15",,,,"50",,,,"3043",,,,"Wing Attack, Night Slash, Aerial Ace",,,"207;472","472"
"473","Mamoswine","Swinub","FALSE",,"26",,,,"15/15/15",,,,"50",,,,"3763",,,,"Powder Snow, Avalanche, High Horsepower",,,"220;221;473","473"
"473","Mamoswine (Shadow)","Swinub","TRUE",,"39",,,,"15/15/15",,,,"50",,,,"3763",,,,"Powder Snow, High Horsepower, Avalanche",,,"220;221;473","473"
"474","Porygon-Z","Porygon","FALSE",,"174",,,,"15/15/15",,,,"50",,,,"3693",,,,"Lock On, Tri Attack, Blizzard",,,"137;233;474","474"
"474","Porygon-Z (Shadow)","Porygon","TRUE",,"222",,,,"15/15/15",,,,"50",,,,"3693",,,,"Lock On, Tri Attack, Blizzard",,,"137;233;474","474"
"475","Gallade","Gallade","FALSE",,"47",,,,"15/15/15",,,,"50",,,,"3497",,,,"Psycho Cut, Close Combat, Leaf Blade",,,"280;281;475","475"
"475","Gallade (Shadow)","Gallade","TRUE",,"30",,,,"15/15/15",,,,"50",,,,"3497",,,,"Psycho Cut, Close Combat, Leaf Blade",,,"280;281;475","475"
"476","Probopass","Nosepass","FALSE",,"452",,,,"15/15/15",,,,"50",,,,"2351",,,,"Spark, Rock Slide, Magnet Bomb",,,"299;476","476"
"476","Probopass (Shadow)","Nosepass","TRUE",,"435",,,,"15/15/15",,,,"50",,,,"2351",,,,"Spark, Rock Slide, Magnet Bomb",,,"299;476","476"
"477","Dusknoir","Duskull","FALSE",,"418",,,,"15/15/15",,,,"50",,,,"2700",,,,"Hex, Shadow Ball, Dark Pulse",,,"355;356;477","477"
"477","Dusknoir (Shadow)","Duskull","TRUE",,"423",,,,"15/15/15",,,,"50",,,,"2700",,,,"Hex, Shadow Ball, Dark Pulse",,,"355;356;477","477"
"479","Rotom (Frost)","Rotom","FALSE",,"364",,,,"15/15/15",,,,"50",,,,"2916",,,,"Thunder Shock, Blizzard, Thunderbolt",,,"479","479"
"479","Rotom (Heat)","Rotom","FALSE",,"252",,,,"15/15/15",,,,"50",,,,"2916",,,,"Thunder Shock, Overheat, Thunderbolt",,,"479","479"
"479","Rotom (Mow)","Rotom","FALSE",,"394",,,,"15/15/15",,,,"50",,,,"2916",,,,"Thunder Shock, Thunderbolt, Ominous Wind",,,"479","479"
"479","Rotom (Wash)","Rotom","FALSE",,"286",,,,"15/15/15",,,,"50",,,,"2916",,,,"Thunder Shock, Thunderbolt, Hydro Pump",,,"479","479"
"497","Serperior","Snivy","FALSE",,"173",,,,"15/15/15",,,,"50",,,,"2574",,,,"Vine Whip, Frenzy Plant, Aerial Ace",,,"495;496;497","497"
"500","Emboar","Tepig","FALSE",,"207",,,,"15/15/15",,,,"50",,,,"3372",,,,"Ember, Blast Burn, Rock Slide",,,"498;499;500","500"
"503","Samurott","Oshawott","FALSE",,"128",,,,"15/15/15",,,,"50",,,,"3194",,,,"Fury Cutter, Hydro Cannon, Razor Shell",,,"501;502;503","503"
"503","Samurott (Hisuian)","Oshawott","FALSE",,"196",,,,"15/15/15",,,,"50",,,,"3167",,,,"Snarl, Icy Wind, Razor Shell",,,"501;502;503","503"
"508","Stoutland","Lillipup","FALSE",,"141",,,,"15/15/15",,,,"50",,,,"3196",,,,"Sand Attack, Wild Charge, Crunch",,,"506;507;508","508"
"512","Simisage","Pansage","FALSE",,"385",,,,"15/15/15",,,,"50",,,,"2657",,,,"Vine Whip, Crunch, Grass Knot",,,"511;512","512"
"514","Simisear","Pansear","FALSE",,"422",,,,"15/15/15",,,,"50",,,,"2657",,,,"Fire Spin, Crunch, Flamethrower",,,"513;514","514"
"516","Simipour","Panpour","FALSE",,"446",,,,"15/15/15",,,,"50",,,,"2657",,,,"Water Gun, Surf, Crunch",,,"515;516","516"
"518","Musharna","Munna","FALSE",,"432",,,,"15/15/15",,,,"50",,,,"3079",,,,"Charge Beam, Psyshock, Dazzling Gleam",,,"517;518","518"
"521","Unfezant","Pidove","FALSE",,"478",,,,"15/15/15",,,,"50",,,,"3091",,,,"Steel Wing, Sky Attack, Return",,,"519;520;521","521"
"521","Unfezant (Shadow)","Pidove","TRUE",,"490",,,,"15/15/15",,,,"50",,,,"3091",,,,"Steel Wing, Sky Attack, Hyper Beam",,,"519;520;521","521"
"523","Zebstrika","Blitzle","FALSE",,"334",,,,"15/15/15",,,,"50",,,,"2745",,,,"Spark, Wild Charge, Flame Charge",,,"522;523","523"
"523","Zebstrika (Shadow)","Blitzle","TRUE",,"398",,,,"15/15/15",,,,"50",,,,"2745",,,,"Spark, Wild Charge, Flame Charge",,,"522;523","523"
"526","Gigalith","Roggenrola","FALSE",,"189",,,,"15/15/15",,,,"50",,,,"3650",,,,"Smack Down, Superpower, Meteor Beam",,,"524;525;526","526"
"526","Gigalith (Shadow)","Roggenrola","TRUE",,"83",,,,"15/15/15",,,,"50",,,,"3650",,,,"Mud Slap, Meteor Beam, Superpower",,,"524;525;526","526"
"530","Excadrill","Drilbur","FALSE",,"50",,,,"15/15/15",,,,"50",,,,"3667",,,,"Mud Slap, Drill Run, Rock Slide",,,"529;530","530"
"530","Excadrill (Shadow)","Drilbur","TRUE",,"55",,,,"15/15/15",,,,"50",,,,"3667",,,,"Mud Slap, Drill Run, Rock Slide",,,"529;530","530"
"533","Gurdurr","Timburr","FALSE",,"455",,,,"15/15/15",,,,"50",,,,"2452",,,,"Poison Jab, Stone Edge, Brick Break",,,"532;533;534","533;534"
"533","Gurdurr (Shadow)","Timburr","TRUE",,"444",,,,"15/15/15",,,,"50",,,,"2452",,,,"Poison Jab, Stone Edge, Brick Break",,,"532;533;534","533;534"
"534","Conkeldurr","Timburr","FALSE",,"52",,,,"15/15/15",,,,"50",,,,"3773",,,,"Counter, Brutal Swing, Dynamic Punch",,,"532;533;534","534"
"534","Conkeldurr (Shadow)","Timburr","TRUE",,"51",,,,"15/15/15",,,,"50",,,,"3773",,,,"Counter, Brutal Swing, Dynamic Punch",,,"532;533;534","534"
"537","Seismitoad","Tympole","FALSE",,"257",,,,"15/15/15",,,,"50",,,,"2899",,,,"Mud Shot, Earth Power, Muddy Water",,,"535;536;537","537"
"538","Throh","Throh","FALSE",,"475",,,,"15/15/15",,,,"50",,,,"2896",,,,"Low Kick, Body Slam, Brick Break",,,"538","538"
"538","Throh (Shadow)","Throh","TRUE",,"477",,,,"15/15/15",,,,"50",,,,"2896",,,,"Low Kick, Body Slam, Brick Break",,,"538","538"
"539","Sawk","Sawk","FALSE",,"317",,,,"15/15/15",,,,"50",,,,"3152",,,,"Poison Jab, Body Slam, Brick Break",,,"539","539"
"539","Sawk (Shadow)","Sawk","TRUE",,"291",,,,"15/15/15",,,,"50",,,,"3152",,,,"Poison Jab, Body Slam, Brick Break",,,"539","539"
"542","Leavanny","Sewaddle","FALSE",,"225",,,,"15/15/15",,,,"50",,,,"2917",,,,"Bug Bite, Leaf Blade, X-Scissor",,,"540;541;542","542"
"545","Scolipede","Venipede","FALSE",,"318",,,,"15/15/15",,,,"50",,,,"2766",,,,"Poison Jab, X-Scissor, Sludge Bomb",,,"543;544;545","545"
"545","Scolipede (Shadow)","Venipede","TRUE",,"298",,,,"15/15/15",,,,"50",,,,"2766",,,,"Poison Jab, X-Scissor, Sludge Bomb",,,"543;544;545","545"
"549","Lilligant","Petilil","FALSE",,"484",,,,"15/15/15",,,,"50",,,,"2883",,,,"Magical Leaf, Petal Blizzard, Hyper Beam",,,"548;549","549"
"553","Krookodile","Sandile","FALSE",,"126",,,,"15/15/15",,,,"50",,,,"3444",,,,"Mud Slap, Crunch, Outrage",,,"551;552;553","553"
"555","Darmanitan (Galarian)","Darumaka","FALSE",,"229",,,,"15/15/15",,,,"50",,,,"3511",,,,"Ice Fang, Avalanche, Superpower",,,"554;555","555"
"555","Darmanitan (Standard)","Darumaka","FALSE",,"106",,,,"15/15/15",,,,"50",,,,"3511",,,,"Incinerate, Rock Slide, Overheat",,,"554;555","555"
"555","Darmanitan (Standard) (Shadow)","Darumaka","TRUE",,"133",,,,"15/15/15",,,,"50",,,,"3511",,,,"Incinerate, Rock Slide, Overheat",,,"554;555","555"
"556","Maractus","Maractus","FALSE",,"468",,,,"15/15/15",,,,"50",,,,"2571",,,,"Bullet Seed, Aerial Ace, Petal Blizzard",,,"556","556"
"558","Crustle","Dwebble","FALSE",,"320",,,,"15/15/15",,,,"50",,,,"2874",,,,"Fury Cutter, X-Scissor, Rock Slide",,,"557;558","558"
"558","Crustle (Shadow)","Dwebble","TRUE",,"303",,,,"15/15/15",,,,"50",,,,"2874",,,,"Fury Cutter, X-Scissor, Rock Slide",,,"557;558","558"
"560","Scrafty","Scraggy","FALSE",,"338",,,,"15/15/15",,,,"50",,,,"2581",,,,"Counter, Foul Play, Power-Up Punch",,,"559;560","560"
"561","Sigilyph","Sigilyph","FALSE",,"479",,,,"15/15/15",,,,"50",,,,"2883",,,,"Air Slash, Ancient Power, Signal Beam",,,"561","561"
"563","Cofagrigus","Yamask","FALSE",,"266",,,,"15/15/15",,,,"50",,,,"2570",,,,"Shadow Claw, Shadow Ball, Dark Pulse",,,"562;563","563"
"565","Carracosta","Tirtouga","FALSE",,"316",,,,"15/15/15",,,,"50",,,,"2964",,,,"Water Gun, Surf, Body Slam",,,"564;565","565"
"565","Carracosta (Shadow)","Tirtouga","TRUE",,"346",,,,"15/15/15",,,,"50",,,,"2964",,,,"Water Gun, Liquidation, Ancient Power",,,"564;565","565"
"567","Archeops","Archen","FALSE",,"191",,,,"15/15/15",,,,"50",,,,"3766",,,,"Wing Attack, Dragon Claw, Ancient Power",,,"566;567","567"
"567","Archeops (Shadow)","Archen","TRUE",,"135",,,,"15/15/15",,,,"50",,,,"3766",,,,"Wing Attack, Ancient Power, Dragon Claw",,,"566;567","567"
"569","Garbodor","Trubbish","FALSE",,"488",,,,"15/15/15",,,,"50",,,,"2651",,,,"Infestation, Body Slam, Seed Bomb",,,"568;569","569"
"571","Zoroark","Zorua","FALSE",,"379",,,,"15/15/15",,,,"50",,,,"2907",,,,"Shadow Claw, Foul Play, Flamethrower",,,"570;571","571"
"573","Cinccino","Minccino","FALSE",,"493",,,,"15/15/15",,,,"50",,,,"2535",,,,"Charm, Aqua Tail, Thunderbolt",,,"572;573","573"
"576","Gothitelle","Gothita","FALSE",,"421",,,,"15/15/15",,,,"50",,,,"2735",,,,"Confusion, Rock Slide, Future Sight",,,"574;575;576","576"
"576","Gothitelle (Shadow)","Gothita","TRUE",,"445",,,,"15/15/15",,,,"50",,,,"2735",,,,"Confusion, Rock Slide, Future Sight",,,"574;575;576","576"
"579","Reuniclus","Solosis","FALSE",,"459",,,,"15/15/15",,,,"50",,,,"3309",,,,"Hidden Power (Ice), Shadow Ball, Future Sight",,,"577;578;579","579"
"579","Reuniclus (Shadow)","Solosis","TRUE",,"480",,,,"15/15/15",,,,"50",,,,"3309",,,,"Hidden Power (Ice), Shadow Ball, Future Sight",,,"577;578;579","579"
"584","Vanilluxe","Vanillite","FALSE",,"428",,,,"15/15/15",,,,"50",,,,"3190",,,,"Astonish, Blizzard, Signal Beam",,,"582;583;584","584"
"586","Sawsbuck","Deerling","FALSE",,"414",,,,"15/15/15",,,,"50",,,,"2732",,,,"Feint Attack, Wild Charge, Trailblaze",,,"585;586","586"
"589","Escavalier","Karrablast","FALSE",,"138",,,,"15/15/15",,,,"50",,,,"3266",,,,"Counter, Drill Run, Megahorn",,,"588;589","589"
"589","Escavalier (Shadow)","Karrablast","TRUE",,"167",,,,"15/15/15",,,,"50",,,,"3266",,,,"Counter, Drill Run, Megahorn",,,"588;589","589"
"591","Amoonguss","Foongus","FALSE",,"340",,,,"15/15/15",,,,"50",,,,"2420",,,,"Astonish, Grass Knot, Foul Play",,,"590;591","591"
"591","Amoonguss (Shadow)","Foongus","TRUE",,"333",,,,"15/15/15",,,,"50",,,,"2420",,,,"Astonish, Grass Knot, Foul Play",,,"590;591","591"
"593","Jellicent","Frillish","FALSE",,"208",,,,"15/15/15",,,,"50",,,,"2644",,,,"Bubble, Surf, Shadow Ball",,,"592;593","593"
"594","Alomomola","Alomomola","FALSE",,"426",,,,"15/15/15",,,,"50",,,,"2452",,,,"Waterfall, Blizzard, Hydro Pump",,,"594","594"
"598","Ferrothorn","Ferroseed","FALSE",,"200",,,,"15/15/15",,,,"50",,,,"2624",,,,"Bullet Seed, Power Whip, Mirror Shot",,,"597;598","598"
"598","Ferrothorn (Shadow)","Ferroseed","TRUE",,"210",,,,"15/15/15",,,,"50",,,,"2624",,,,"Bullet Seed, Power Whip, Mirror Shot",,,"597;598","598"
"601","Klinklang","Klink","FALSE",,"306",,,,"15/15/15",,,,"50",,,,"2981",,,,"Thunder Shock, Mirror Shot, Zap Cannon",,,"599;600;601","601"
"604","Eelektross","Tynamo","FALSE",,"292",,,,"15/15/15",,,,"50",,,,"3089",,,,"Spark, Dragon Claw, Liquidation",,,"602;603;604","604"
"606","Beheeyem","Elgyem","FALSE",,"401",,,,"15/15/15",,,,"50",,,,"3112",,,,"Confusion, Rock Slide, Dark Pulse",,,"605;606","606"
"609","Chandelure","Litwick","FALSE",,"82",,,,"15/15/15",,,,"50",,,,"3695",,,,"Incinerate, Shadow Ball, Flame Charge",,,"607;608;609","609"
"609","Chandelure (Shadow)","Litwick","TRUE",,"94",,,,"15/15/15",,,,"50",,,,"3695",,,,"Incinerate, Shadow Ball, Flame Charge",,,"607;608;609","609"
"612","Haxorus","Axew","FALSE",,"88",,,,"15/15/15",,,,"50",,,,"4062",,,,"Counter, Breaking Swipe, Night Slash",,,"610;611;612","612"
"614","Beartic","Cubchoo","FALSE",,"93",,,,"15/15/15",,,,"50",,,,"3439",,,,"Powder Snow, Ice Punch, Surf",,,"613;614","614"
"615","Cryogonal","Cryogonal","FALSE",,"124",,,,"15/15/15",,,,"50",,,,"3163",,,,"Ice Shard, Triple Axel, Night Slash",,,"615","615"
"617","Accelgor","Shelmet","FALSE",,"481",,,,"15/15/15",,,,"50",,,,"2760",,,,"Water Shuriken, Bug Buzz, Signal Beam",,,"616;617","617"
"617","Accelgor (Shadow)","Shelmet","TRUE",,"474",,,,"15/15/15",,,,"50",,,,"2760",,,,"Water Shuriken, Bug Buzz, Signal Beam",,,"616;617","617"
"618","Stunfisk","Stunfisk","FALSE",,"339",,,,"15/15/15",,,,"50",,,,"2445",,,,"Mud Shot, Mud Bomb, Discharge",,,"618","618"
"618","Stunfisk (Galarian)","Stunfisk","FALSE",,"324",,,,"15/15/15",,,,"50",,,,"2445",,,,"Mud Shot, Rock Slide, Earthquake",,,"618","618"
"620","Mienshao","Mienfoo","FALSE",,"383",,,,"15/15/15",,,,"50",,,,"3064",,,,"Poison Jab, Blaze Kick, Brick Break",,,"619;620","620"
"621","Druddigon","Druddigon","FALSE",,"180",,,,"15/15/15",,,,"50",,,,"3088",,,,"Dragon Tail, Dragon Claw, Night Slash",,,"621","621"
"623","Golurk","Golett","FALSE",,"90",,,,"15/15/15",,,,"50",,,,"3226",,,,"Mud Slap, Shadow Punch, Dynamic Punch",,,"622;623","623"
"623","Golurk (Shadow)","Golett","TRUE",,"75",,,,"15/15/15",,,,"50",,,,"3226",,,,"Mud Slap, Shadow Punch, Dynamic Punch",,,"622;623","623"
"625","Bisharp","Pawniard","FALSE",,"239",,,,"15/15/15",,,,"50",,,,"3215",,,,"Snarl, Dark Pulse, X-Scissor",,,"624;625;983","625;983"
"626","Bouffalant","Bouffalant","FALSE",,"209",,,,"15/15/15",,,,"50",,,,"3163",,,,"Mud Shot, Stomp, Megahorn",,,"626","626"
"628","Braviary","Rufflet","FALSE",,"277",,,,"15/15/15",,,,"50",,,,"3491",,,,"Steel Wing, Close Combat, Brave Bird",,,"627;628","628"
"628","Braviary (Hisuian)","Rufflet","FALSE",,"295",,,,"15/15/15",,,,"50",,,,"3181",,,,"Air Slash, Brave Bird, Fly",,,"627;628","628"
"630","Mandibuzz","Vullaby","FALSE",,"300",,,,"15/15/15",,,,"50",,,,"2417",,,,"Snarl, Foul Play, Aerial Ace",,,"629;630","630"
"631","Heatmor","Heatmor","FALSE",,"405",,,,"15/15/15",,,,"50",,,,"2708",,,,"Fire Spin, Flamethrower, Thunder Punch",,,"631","631"
"632","Durant","Durant","FALSE",,"235",,,,"15/15/15",,,,"50",,,,"3007",,,,"Bug Bite, X-Scissor, Stone Edge",,,"632","632"
"635","Hydreigon","Deino","FALSE",,"14",,,,"15/15/15",,,,"50",,,,"4098",,,,"Dragon Breath, Brutal Swing, Flash Cannon",,,"633;634;635","635"
"637","Volcarona","Larvesta","FALSE",,"105",,,,"15/15/15",,,,"50",,,,"4106",,,,"Fire Spin, Overheat, Bug Buzz",,,"636;637","637"
"652","Chesnaught","Chespin","FALSE",,"41",,,,"15/15/15",,,,"50",,,,"3340",,,,"Vine Whip, Frenzy Plant, Superpower",,,"650;651;652","652"
"655","Delphox","Fennekin","FALSE",,"109",,,,"15/15/15",,,,"50",,,,"3459",,,,"Fire Spin, Blast Burn, Mystical Fire",,,"653;654;655","655"
"658","Greninja","Froakie","FALSE",,"102",,,,"15/15/15",,,,"50",,,,"3001",,,,"Water Shuriken, Hydro Cannon, Night Slash",,,"656;657;658","658"
"663","Talonflame","Fletchling","FALSE",,"218",,,,"15/15/15",,,,"50",,,,"2493",,,,"Incinerate, Brave Bird, Fly",,,"661;662;663","663"
"668","Pyroar","Litleo","FALSE",,"150",,,,"15/15/15",,,,"50",,,,"3129",,,,"Incinerate, Flame Charge, Dark Pulse",,,"667;668","668"
"671","Florges","Flabebe","FALSE",,"1",,,,"15/15/15",,,,"50",,,,"3657",,,,"Fairy Wind, Disarming Voice, Moonblast",,,"669;670;671","671"
"673","Gogoat","Skiddo","FALSE",,"67",,,,"15/15/15",,,,"50",,,,"3163",,,,"Vine Whip, Leaf Blade, Brick Break",,,"672;673","673"
"675","Pangoro","Pancham","FALSE",,"120",,,,"15/15/15",,,,"50",,,,"3281",,,,"Snarl, Close Combat, Night Slash",,,"674;675","675"
"676","Furfrou","Furfrou","FALSE",,"466",,,,"15/15/15",,,,"50",,,,"2387",,,,"Sand Attack, Surf, Dark Pulse",,,"676","676"
"678","Meowstic (Female)","Espurr","FALSE",,"499",,,,"15/15/15",,,,"50",,,,"2401",,,,"Confusion, Shadow Ball, Psychic",,,"677;678","678"
"678","Meowstic (Male)","Espurr","FALSE",,"500",,,,"15/15/15",,,,"50",,,,"2401",,,,"Confusion, Thunderbolt, Psychic",,,"677;678","678"
"683","Aromatisse","Spritzee","FALSE",,"319",,,,"15/15/15",,,,"50",,,,"2647",,,,"Charm, Moonblast, Thunderbolt",,,"682;683","683"
"685","Slurpuff","Swirlix","FALSE",,"337",,,,"15/15/15",,,,"50",,,,"2486",,,,"Fairy Wind, Flamethrower, Play Rough",,,"684;685","685"
"687","Malamar","Inkay","FALSE",,"363",,,,"15/15/15",,,,"50",,,,"2667",,,,"Psycho Cut, Foul Play, Superpower",,,"686;687","687"
"689","Barbaracle","Binacle","FALSE",,"203",,,,"15/15/15",,,,"50",,,,"3025",,,,"Fury Cutter, Cross Chop, Stone Edge",,,"688;689","689"
"691","Dragalge","Skrelp","FALSE",,"234",,,,"15/15/15",,,,"50",,,,"2694",,,,"Dragon Tail, Aqua Tail, Outrage",,,"690;691","691"
"693","Clawitzer","Clauncher","FALSE",,"354",,,,"15/15/15",,,,"50",,,,"3124",,,,"Water Gun, Crabhammer, Ice Beam",,,"692;693","693"
"695","Heliolisk","Helioptile","FALSE",,"275",,,,"15/15/15",,,,"50",,,,"2939",,,,"Volt Switch, Breaking Swipe, Thunderbolt",,,"694;695","695"
"697","Tyrantrum","Tyrunt","FALSE",,"228",,,,"15/15/15",,,,"50",,,,"3537",,,,"Dragon Tail, Meteor Beam, Stone Edge",,,"696;697","697"
"699","Aurorus","Amaura","FALSE",,"110",,,,"15/15/15",,,,"50",,,,"3168",,,,"Powder Snow, Weather Ball (Ice), Thunderbolt",,,"698;699","699"
"700","Sylveon","Eevee","FALSE",,"64",,,,"15/15/15",,,,"50",,,,"3470",,,,"Charm, Moonblast, Psyshock",,,"133;700","700"
"701","Hawlucha","Hawlucha","FALSE",,"258",,,,"15/15/15",,,,"50",,,,"2724",,,,"Poison Jab, Flying Press, Aerial Ace",,,"701","701"
"705","Sliggoo","Goomy","FALSE",,"501",,,,"15/15/15",,,,"50",,,,"2303",,,,"Water Gun, Muddy Water, Dragon Pulse",,,"704;705;706","705;706"
"706","Goodra","Goomy","FALSE",,"2",,,,"15/15/15",,,,"50",,,,"3963",,,,"Dragon Breath, Aqua Tail, Thunder Punch",,,"704;705;706","706"
"709","Trevenant","Phantump","FALSE",,"152",,,,"15/15/15",,,,"50",,,,"2893",,,,"Shadow Claw, Shadow Ball, Foul Play",,,"708;709","709"
"711","Gourgeist (Average)","Pumpkaboo","FALSE",,"370",,,,"15/15/15",,,,"50",,,,"2702",,,,"Hex, Shadow Ball, Foul Play",,,"710;711","711"
"711","Gourgeist (Large)","Pumpkaboo","FALSE",,"293",,,,"15/15/15",,,,"50",,,,"2850",,,,"Hex, Shadow Ball, Foul Play",,,"710;711","711"
"711","Gourgeist (Small)","Pumpkaboo","FALSE",,"427",,,,"15/15/15",,,,"50",,,,"2549",,,,"Hex, Shadow Ball, Foul Play",,,"710;711","711"
"711","Gourgeist (Super)","Pumpkaboo","FALSE",,"221",,,,"15/15/15",,,,"50",,,,"2976",,,,"Hex, Shadow Ball, Foul Play",,,"710;711","711"
"713","Avalugg","Bergmite","FALSE",,"46",,,,"15/15/15",,,,"50",,,,"3615",,,,"Ice Fang, Avalanche, Body Slam",,,"712;713","713"
"713","Avalugg (Hisuian)","Bergmite","FALSE",,"19",,,,"15/15/15",,,,"50",,,,"3909",,,,"Powder Snow, Rock Slide, Icy Wind",,,"712;713","713"
"715","Noivern","Noibat","FALSE",,"451",,,,"15/15/15",,,,"50",,,,"3125",,,,"Air Slash, Hurricane, Draco Meteor",,,"714;715","715"
"724","Decidueye","Rowlet","FALSE",,"70",,,,"15/15/15",,,,"50",,,,"3137",,,,"Astonish, Frenzy Plant, Spirit Shackle",,,"722;723;724","724"
"724","Decidueye (Hisuian)","Rowlet","FALSE",,"131",,,,"15/15/15",,,,"50",,,,"3275",,,,"Magical Leaf, Aura Sphere, Aerial Ace",,,"722;723;724","724"
"727","Incineroar","Litten","FALSE",,"73",,,,"15/15/15",,,,"50",,,,"3387",,,,"Snarl, Blast Burn, Darkest Lariat",,,"725;726;727","727"
"730","Primarina","Popplio","FALSE",,"17",,,,"15/15/15",,,,"50",,,,"3618",,,,"Waterfall, Disarming Voice, Hydro Cannon",,,"728;729;730","730"
"733","Toucannon","Pikipek","FALSE",,"403",,,,"15/15/15",,,,"50",,,,"3040",,,,"Bullet Seed, Drill Peck, Rock Blast",,,"731;732;733","733"
"738","Vikavolt","Grubbin","FALSE",,"78",,,,"15/15/15",,,,"50",,,,"3524",,,,"Volt Switch, X-Scissor, Fly",,,"736;737;738","738"
"740","Crabominable","Crabrawler","FALSE",,"284",,,,"15/15/15",,,,"50",,,,"3286",,,,"Bubble, Ice Punch, Brick Break",,,"739;740","740"
"741","Oricorio (Baile)","Oricorio","FALSE",,"464",,,,"15/15/15",,,,"50",,,,"2638",,,,"Air Slash, Aerial Ace, Hurricane",,,"741","741"
"741","Oricorio (Pa'u)","Oricorio","FALSE",,"485",,,,"15/15/15",,,,"50",,,,"2638",,,,"Air Slash, Aerial Ace, Hurricane",,,"741","741"
"741","Oricorio (Pom-Pom)","Oricorio","FALSE",,"457",,,,"15/15/15",,,,"50",,,,"2638",,,,"Air Slash, Aerial Ace, Hurricane",,,"741","741"
"741","Oricorio (Sensu)","Oricorio","FALSE",,"467",,,,"15/15/15",,,,"50",,,,"2638",,,,"Air Slash, Aerial Ace, Hurricane",,,"741","741"
"745","Lycanroc (Dusk)","Rockruff","FALSE",,"470",,,,"15/15/15",,,,"50",,,,"3054",,,,"Counter, Stone Edge, Crunch",,,"744;745","745"
"745","Lycanroc (Midday)","Rockruff","FALSE",,"345",,,,"15/15/15",,,,"50",,,,"3027",,,,"Sucker Punch, Stone Edge, Drill Run",,,"744;745","745"
"745","Lycanroc (Midnight)","Rockruff","FALSE",,"437",,,,"15/15/15",,,,"50",,,,"3102",,,,"Counter, Stone Edge, Crunch",,,"744;745","745"
"752","Araquanid","Dewpider","FALSE",,"496",,,,"15/15/15",,,,"50",,,,"2065",,,,"Infestation, Bug Buzz, Water Pulse",,,"751;752","752"
"754","Lurantis","Fomantis","FALSE",,"217",,,,"15/15/15",,,,"50",,,,"2711",,,,"Fury Cutter, Leaf Blade, Superpower",,,"753;754","754"
"758","Salazzle","Salandit","FALSE",,"283",,,,"15/15/15",,,,"50",,,,"2802",,,,"Incinerate, Poison Fang, Fire Blast",,,"757;758","758"
"760","Bewear","Stufful","FALSE",,"59",,,,"15/15/15",,,,"50",,,,"3524",,,,"Shadow Claw, Superpower, Payback",,,"759;760","760"
"763","Tsareena","Bounsweet","FALSE",,"115",,,,"15/15/15",,,,"50",,,,"3351",,,,"Magical Leaf, Triple Axel, Grass Knot",,,"761;762;763","763"
"764","Comfey","Comfey","FALSE",,"453",,,,"15/15/15",,,,"50",,,,"2392",,,,"Vine Whip, Grass Knot, Draining Kiss",,,"764","764"
"765","Oranguru","Oranguru","FALSE",,"330",,,,"15/15/15",,,,"50",,,,"2770",,,,"Confusion, Foul Play, Future Sight",,,"765","765"
"766","Passimian","Passimian","FALSE",,"101",,,,"15/15/15",,,,"50",,,,"3429",,,,"Counter, Close Combat, Superpower",,,"766","766"
"768","Golisopod","Wimpod","FALSE",,"23",,,,"15/15/15",,,,"50",,,,"3575",,,,"Shadow Claw, Aerial Ace, Liquidation",,,"767;768","768"
"770","Palossand","Sandygast","FALSE",,"236",,,,"15/15/15",,,,"50",,,,"2763",,,,"Sand Attack, Shadow Ball, Scorching Sands",,,"769;770","770"
"775","Komala","Komala","FALSE",,"439",,,,"15/15/15",,,,"50",,,,"2919",,,,"Rollout, Payback, Play Rough",,,"775","775"
"776","Turtonator","Turtonator","FALSE",,"332",,,,"15/15/15",,,,"50",,,,"2513",,,,"Incinerate, Flamethrower, Overheat",,,"776","776"
"779","Bruxish","Bruxish","FALSE",,"328",,,,"15/15/15",,,,"50",,,,"2701",,,,"Confusion, Aqua Tail, Psychic Fangs",,,"779","779"
"780","Drampa","Drampa","FALSE",,"183",,,,"15/15/15",,,,"50",,,,"3294",,,,"Dragon Breath, Fly, Outrage",,,"780","780"
"784","Kommo-o","Jangmo-o","FALSE",,"21",,,,"15/15/15",,,,"50",,,,"3741",,,,"Dragon Tail, Close Combat, Dragon Claw",,,"782;783;784","784"
"812","Rillaboom","Grookey","FALSE",,"159",,,,"15/15/15",,,,"50",,,,"3758",,,,"Razor Leaf, Grass Knot, Earth Power",,,"810;811;812","812"
"815","Cinderace","Scorbunny","FALSE",,"195",,,,"15/15/15",,,,"50",,,,"3412",,,,"Fire Spin, Flame Charge, Focus Blast",,,"813;814;815","815"
"818","Inteleon","Sobble","FALSE",,"268",,,,"15/15/15",,,,"50",,,,"3351",,,,"Water Gun, Surf, Shadow Ball",,,"816;817;818","818"
"820","Greedent","Skwovet","FALSE",,"380",,,,"15/15/15",,,,"50",,,,"2679",,,,"Mud Shot, Body Slam, Crunch",,,"819;820","820"
"832","Dubwool","Wooloo","FALSE",,"391",,,,"15/15/15",,,,"50",,,,"2478",,,,"Double Kick, Body Slam, Wild Charge",,,"831;832","832"
"858","Hatterene","Hatenna","FALSE",,"187",,,,"15/15/15",,,,"50",,,,"3198",,,,"Psycho Cut, Psyshock, Power Whip",,,"856;857;858","858"
"862","Obstagoon","Zigzagoon","FALSE",,"199",,,,"15/15/15",,,,"50",,,,"2999",,,,"Counter, Night Slash, Obstruct",,,"263&galar;264&galar;862","862"
"862","Obstagoon (Shadow)","Zigzagoon","TRUE",,"202",,,,"15/15/15",,,,"50",,,,"2999",,,,"Counter, Night Slash, Cross Chop",,,"263&galar;264&galar;862","862"
"863","Perrserker","Meowth","FALSE",,"262",,,,"15/15/15",,,,"50",,,,"2697",,,,"Shadow Claw, Close Combat, Foul Play",,,"52&galar;863","863"
"865","Sirfetch'd","Farfetchd","FALSE",,"112",,,,"15/15/15",,,,"50",,,,"3375",,,,"Counter, Close Combat, Leaf Blade",,,"83&galar;865","865"
"866","Mr. Rime","Mr-mime","FALSE",,"201",,,,"15/15/15",,,,"50",,,,"3196",,,,"Ice Shard, Triple Axel, Ice Punch",,,"122;439;866","439;866"
"867","Runerigus","Yamask","FALSE",,"289",,,,"15/15/15",,,,"50",,,,"2570",,,,"Shadow Claw, Shadow Ball, Rock Tomb",,,"562&galar;867","867"
"870","Falinks","Falinks","FALSE",,"343",,,,"15/15/15",,,,"50",,,,"2665",,,,"Counter, Superpower, Megahorn",,,"870","870"
"874","Stonjourner","Stonjourner","FALSE",,"185",,,,"15/15/15",,,,"50",,,,"3638",,,,"Rock Throw, Stone Edge, Rock Slide",,,"874","874"
"887","Dragapult","Dreepy","FALSE",,"12",,,,"15/15/15",,,,"50",,,,"3993",,,,"Astonish, Breaking Swipe, Shadow Ball",,,"885;886;887","887"
"899","Wyrdeer","Stantler","FALSE",,"213",,,,"15/15/15",,,,"50",,,,"3089",,,,"Confusion, Wild Charge, Stomp",,,"234;899","899"
"900","Kleavor","Kleavor","FALSE",,"103",,,,"15/15/15",,,,"50",,,,"3557",,,,"Quick Attack, X-Scissor, Stone Edge",,,"123;900","900"
"901","Ursaluna","Teddiursa","FALSE",,"9",,,,"15/15/15",,,,"50",,,,"4358",,,,"Tackle, Swift, High Horsepower",,,"216;217;901","901"
"901","Ursaluna (Shadow)","Teddiursa","TRUE",,"13",,,,"15/15/15",,,,"50",,,,"4358",,,,"Tackle, Swift, High Horsepower",,,"216;217;901","901"
"903","Sneasler","Sneasel","FALSE",,"49",,,,"15/15/15",,,,"50",,,,"3643",,,,"Shadow Claw, Close Combat, Aerial Ace",,,"215&hisui;903","903"
"903","Sneasler (Shadow)","Sneasel","TRUE",,"33",,,,"15/15/15",,,,"50",,,,"3643",,,,"Shadow Claw, Close Combat, Aerial Ace",,,"215&hisui;903","903"
"904","Overqwil","Qwilfish","FALSE",,"60",,,,"15/15/15",,,,"50",,,,"3330",,,,"Poison Jab, Aqua Tail, Shadow Ball",,,"211&hisui;904","904"
"908","Meowscarada","Sprigatito","FALSE",,"172",,,,"15/15/15",,,,"50",,,,"3193",,,,"Leafage, Night Slash, Grass Knot",,,"906;907;908","908"
"911","Skeledirge","Fuecoco","FALSE",,"28",,,,"15/15/15",,,,"50",,,,"3422",,,,"Incinerate, Shadow Ball, Disarming Voice",,,"909;910;911","911"
"914","Quaquaval","Quaxly","FALSE",,"140",,,,"15/15/15",,,,"50",,,,"3411",,,,"Wing Attack, Close Combat, Liquidation",,,"912;913;914","914"
"916","Oinkologne","Lechonk","FALSE",,"313",,,,"15/15/15",,,,"50",,,,"2949",,,,"Tackle, Body Slam, Dig",,,"915;916","916"
"916","Oinkologne (Female)","Lechonk","FALSE",,"294",,,,"15/15/15",,,,"50",,,,"2819",,,,"Tackle, Body Slam, Dig",,,"915;916","916"
"920","Lokix","Nymble","FALSE",,"282",,,,"15/15/15",,,,"50",,,,"2619",,,,"Sucker Punch, X-Scissor, Dark Pulse",,,"919;920","920"
"923","Pawmot","Pawmi","FALSE",,"259",,,,"15/15/15",,,,"50",,,,"2978",,,,"Spark, Close Combat, Wild Charge",,,"921;922;923","923"
"930","Arboliva","Smoliv","FALSE",,"122",,,,"15/15/15",,,,"50",,,,"3345",,,,"Magical Leaf, Earth Power, Trailblaze",,,"928;929;930","930"
"936","Armarouge","Armarouge","FALSE",,"69",,,,"15/15/15",,,,"50",,,,"3628",,,,"Incinerate, Psyshock, Flame Charge",,,"935;936","936"
"937","Ceruledge","Ceruledge","FALSE",,"63",,,,"15/15/15",,,,"50",,,,"3586",,,,"Incinerate, Shadow Ball, Flame Charge",,,"935;937","937"
"939","Bellibolt","Tadbulb","FALSE",,"137",,,,"15/15/15",,,,"50",,,,"3010",,,,"Thunder Shock, Discharge, Zap Cannon",,,"938;939","939"
"962","Bombirdier","Bombirdier","FALSE",,"351",,,,"15/15/15",,,,"50",,,,"2812",,,,"Wing Attack, Fly, Aerial Ace",,,"962","962"
"966","Revavroom","Varoom","FALSE",,"157",,,,"15/15/15",,,,"50",,,,"3337",,,,"Poison Jab, Overheat, Gyro Ball",,,"965;966","966"
"972","Houndstone","Greavard","FALSE",,"274",,,,"15/15/15",,,,"50",,,,"2842",,,,"Lick, Shadow Ball, Psychic Fangs",,,"971;972","972"
"975","Cetitan","Cetoddle","FALSE",,"29",,,,"15/15/15",,,,"50",,,,"3519",,,,"Powder Snow, Avalanche, Body Slam",,,"974;975","975"
"979","Annihilape","Mankey","FALSE",,"25",,,,"15/15/15",,,,"50",,,,"3695",,,,"Counter, Night Slash, Shadow Ball",,,"56;57;979","979"
"979","Annihilape (Shadow)","Mankey","TRUE",,"15",,,,"15/15/15",,,,"50",,,,"3695",,,,"Counter, Night Slash, Shadow Ball",,,"56;57;979","979"
"980","Clodsire","Wooper","FALSE",,"389",,,,"15/15/15",,,,"50",,,,"2207",,,,"Mud Shot, Earthquake, Stone Edge",,,"194&paldea;980","980"
"997","Arctibax","Frigibax","FALSE",,"386",,,,"15/15/15",,,,"50",,,,"2365",,,,"Dragon Breath, Avalanche, Dragon Claw",,,"996;997;998","997;998"
"998","Baxcalibur","Frigibax","FALSE",,"10",,,,"15/15/15",,,,"50",,,,"4013",,,,"Dragon Breath, Avalanche, Dragon Claw",,,"996;997;998","998"
"1000","Gholdengo","Gimmighoul","FALSE",,"16",,,,"15/15/15",,,,"50",,,,"3976",,,,"Astonish, Shadow Ball, Focus Blast",,,"999;1000","1000"
"1111","Select a Pokemon","Select a Pokemon","FALSE","","","","","","","","","","","","","","","","","","","","","1111","1111"
"1111","Select a Pokemon","Select a Pokemon","TRUE","","","","","","","","","","","","","","","","","","","","","1111","1111"
"1112","Select a Shadow Pokemon","Select a Shadow Pokemon","FALSE","","","","","","","","","","","","","","","","","","","","","1112","1112"
"1112","Select a Shadow Pokemon","Select a Shadow Pokemon","TRUE","","","","","","","","","","","","","","","","","","","","","1112","1112"
